,entity_id,state,attributes,last_changed,last_updated
0,sensor.hvac_01_temperatura,unknown,{},2024-01-21T07:43:20.698738+00:00,2024-01-21T07:43:20.698738+00:00
1,sensor.hvac_01_temperatura,22.2,{},2024-01-21T07:43:21.492004+00:00,2024-01-21T07:43:21.492004+00:00
2,sensor.hvac_01_temperatura,22.3,{},2024-01-21T07:43:25.432988+00:00,2024-01-21T07:43:25.432988+00:00
3,sensor.hvac_01_temperatura,22.4,{},2024-01-21T07:43:28.675351+00:00,2024-01-21T07:43:28.675351+00:00
4,sensor.hvac_01_temperatura,22.3,{},2024-01-21T07:43:31.915135+00:00,2024-01-21T07:43:31.915135+00:00
5,sensor.hvac_01_temperatura,22.3,{},2024-01-21T07:43:31.937161+00:00,2024-01-21T07:43:31.937161+00:00
6,sensor.hvac_01_temperatura,22.4,{},2024-01-21T07:43:56.305770+00:00,2024-01-21T07:43:56.305770+00:00
7,sensor.hvac_01_temperatura,21.8,{},2024-01-21T07:56:27.763134+00:00,2024-01-21T07:56:27.763134+00:00
8,sensor.hvac_01_temperatura,21.9,{},2024-01-21T08:02:11.881281+00:00,2024-01-21T08:02:11.881281+00:00
9,sensor.hvac_01_temperatura,21.8,{},2024-01-21T09:25:40.562816+00:00,2024-01-21T09:25:40.562816+00:00
10,sensor.hvac_01_temperatura,21.7,{},2024-01-21T10:30:03.425457+00:00,2024-01-21T10:30:03.425457+00:00
11,sensor.hvac_01_temperatura,21.8,{},2024-01-21T10:30:53.789556+00:00,2024-01-21T10:30:53.789556+00:00
12,sensor.hvac_01_temperatura,21.7,{},2024-01-21T11:42:37.266235+00:00,2024-01-21T11:42:37.266235+00:00
13,sensor.hvac_01_temperatura,21.8,{},2024-01-21T12:08:01.764727+00:00,2024-01-21T12:08:01.764727+00:00
14,sensor.hvac_01_temperatura,21.9,{},2024-01-21T15:51:55.480768+00:00,2024-01-21T15:51:55.480768+00:00
15,sensor.hvac_01_temperatura,21.8,{},2024-01-21T15:52:35.830413+00:00,2024-01-21T15:52:35.830413+00:00
16,sensor.hvac_01_temperatura,21.9,{},2024-01-21T16:02:07.820570+00:00,2024-01-21T16:02:07.820570+00:00
17,sensor.hvac_01_temperatura,21.8,{},2024-01-21T16:43:05.685422+00:00,2024-01-21T16:43:05.685422+00:00
18,sensor.hvac_01_temperatura,21.9,{},2024-01-21T16:49:06.947831+00:00,2024-01-21T16:49:06.947831+00:00
19,sensor.hvac_01_temperatura,21.8,{},2024-01-21T17:14:32.690800+00:00,2024-01-21T17:14:32.690800+00:00
20,sensor.hvac_01_temperatura,21.9,{},2024-01-21T17:28:55.618569+00:00,2024-01-21T17:28:55.618569+00:00
21,sensor.hvac_01_temperatura,21.8,{},2024-01-21T17:29:56.028589+00:00,2024-01-21T17:29:56.028589+00:00
22,sensor.hvac_01_temperatura,21.9,{},2024-01-21T17:31:36.548444+00:00,2024-01-21T17:31:36.548444+00:00
23,sensor.hvac_01_temperatura,21.8,{},2024-01-21T17:35:57.546699+00:00,2024-01-21T17:35:57.546699+00:00
24,sensor.hvac_01_temperatura,21.9,{},2024-01-21T17:57:31.666869+00:00,2024-01-21T17:57:31.666869+00:00
25,sensor.hvac_01_temperatura,21.8,{},2024-01-21T18:00:43.309915+00:00,2024-01-21T18:00:43.309915+00:00
26,sensor.hvac_01_temperatura,21.9,{},2024-01-21T18:15:56.376201+00:00,2024-01-21T18:15:56.376201+00:00
27,sensor.hvac_01_temperatura,21.8,{},2024-01-21T18:36:50.388109+00:00,2024-01-21T18:36:50.388109+00:00
28,sensor.hvac_01_temperatura,21.9,{},2024-01-21T20:27:22.575789+00:00,2024-01-21T20:27:22.575789+00:00
29,sensor.hvac_01_temperatura,22.0,{},2024-01-21T21:15:52.490563+00:00,2024-01-21T21:15:52.490563+00:00
30,sensor.hvac_01_temperatura,22.1,{},2024-01-21T21:20:23.713032+00:00,2024-01-21T21:20:23.713032+00:00
31,sensor.hvac_01_temperatura,22.2,{},2024-01-21T21:26:34.991040+00:00,2024-01-21T21:26:34.991040+00:00
32,sensor.hvac_01_temperatura,22.3,{},2024-01-21T21:37:58.307539+00:00,2024-01-21T21:37:58.307539+00:00
33,sensor.hvac_01_temperatura,22.5,{},2024-01-21T21:43:29.454117+00:00,2024-01-21T21:43:29.454117+00:00
34,sensor.hvac_01_temperatura,22.4,{},2024-01-21T21:43:59.770077+00:00,2024-01-21T21:43:59.770077+00:00
35,sensor.hvac_01_temperatura,22.2,{},2024-01-21T21:50:11.747695+00:00,2024-01-21T21:50:11.747695+00:00
36,sensor.hvac_01_temperatura,22.1,{},2024-01-21T22:14:36.157722+00:00,2024-01-21T22:14:36.157722+00:00
37,sensor.hvac_01_temperatura,22.0,{},2024-01-21T22:27:28.647869+00:00,2024-01-21T22:27:28.647869+00:00
38,sensor.hvac_01_temperatura,21.9,{},2024-01-21T22:50:03.299981+00:00,2024-01-21T22:50:03.299981+00:00
39,sensor.hvac_01_temperatura,21.8,{},2024-01-22T00:29:33.737165+00:00,2024-01-22T00:29:33.737165+00:00
40,sensor.hvac_01_temperatura,21.9,{},2024-01-22T01:20:23.007809+00:00,2024-01-22T01:20:23.007809+00:00
41,sensor.hvac_01_temperatura,21.8,{},2024-01-22T01:57:20.141855+00:00,2024-01-22T01:57:20.141855+00:00
42,sensor.hvac_01_temperatura,21.7,{},2024-01-22T05:59:58.881700+00:00,2024-01-22T05:59:58.881700+00:00
43,sensor.hvac_01_temperatura,21.8,{},2024-01-22T06:10:21.483295+00:00,2024-01-22T06:10:21.483295+00:00
44,sensor.hvac_01_temperatura,21.9,{},2024-01-22T09:07:37.701561+00:00,2024-01-22T09:07:37.701561+00:00
45,sensor.hvac_01_temperatura,21.8,{},2024-01-22T10:45:48.297887+00:00,2024-01-22T10:45:48.297887+00:00
46,sensor.hvac_01_temperatura,21.9,{},2024-01-22T11:02:51.480192+00:00,2024-01-22T11:02:51.480192+00:00
47,sensor.hvac_01_temperatura,21.8,{},2024-01-22T11:23:56.069327+00:00,2024-01-22T11:23:56.069327+00:00
48,sensor.hvac_01_temperatura,21.9,{},2024-01-22T11:25:06.490562+00:00,2024-01-22T11:25:06.490562+00:00
49,sensor.hvac_01_temperatura,21.8,{},2024-01-22T11:44:20.886906+00:00,2024-01-22T11:44:20.886906+00:00
50,sensor.hvac_01_temperatura,21.9,{},2024-01-22T12:16:46.676980+00:00,2024-01-22T12:16:46.676980+00:00
51,sensor.hvac_01_temperatura,22.0,{},2024-01-22T15:15:04.573423+00:00,2024-01-22T15:15:04.573423+00:00
52,sensor.hvac_01_temperatura,21.9,{},2024-01-22T15:49:52.304352+00:00,2024-01-22T15:49:52.304352+00:00
53,sensor.hvac_01_temperatura,22.0,{},2024-01-22T17:15:29.707058+00:00,2024-01-22T17:15:29.707058+00:00
54,sensor.hvac_01_temperatura,21.9,{},2024-01-22T17:25:41.665207+00:00,2024-01-22T17:25:41.665207+00:00
55,sensor.hvac_01_temperatura,22.0,{},2024-01-22T18:59:20.183242+00:00,2024-01-22T18:59:20.183242+00:00
56,sensor.hvac_01_temperatura,22.1,{},2024-01-22T20:45:11.401502+00:00,2024-01-22T20:45:11.401502+00:00
57,sensor.hvac_01_temperatura,22.2,{},2024-01-22T20:48:03.214590+00:00,2024-01-22T20:48:03.214590+00:00
58,sensor.hvac_01_temperatura,22.3,{},2024-01-22T21:01:47.138644+00:00,2024-01-22T21:01:47.138644+00:00
59,sensor.hvac_01_temperatura,22.4,{},2024-01-22T21:08:48.592312+00:00,2024-01-22T21:08:48.592312+00:00
60,sensor.hvac_01_temperatura,22.5,{},2024-01-22T21:14:59.864913+00:00,2024-01-22T21:14:59.864913+00:00
61,sensor.hvac_01_temperatura,22.4,{},2024-01-22T21:15:50.236377+00:00,2024-01-22T21:15:50.236377+00:00
62,sensor.hvac_01_temperatura,22.5,{},2024-01-22T21:16:10.521992+00:00,2024-01-22T21:16:10.521992+00:00
63,sensor.hvac_01_temperatura,22.4,{},2024-01-22T21:20:11.700788+00:00,2024-01-22T21:20:11.700788+00:00
64,sensor.hvac_01_temperatura,22.2,{},2024-01-22T22:38:36.777858+00:00,2024-01-22T22:38:36.777858+00:00
65,sensor.hvac_01_temperatura,22.1,{},2024-01-22T23:32:28.140700+00:00,2024-01-22T23:32:28.140700+00:00
66,sensor.hvac_01_temperatura,22.0,{},2024-01-23T01:19:29.154318+00:00,2024-01-23T01:19:29.154318+00:00
67,sensor.hvac_01_temperatura,22.1,{},2024-01-23T02:12:29.430764+00:00,2024-01-23T02:12:29.430764+00:00
68,sensor.hvac_01_temperatura,22.0,{},2024-01-23T02:45:15.876231+00:00,2024-01-23T02:45:15.876231+00:00
69,sensor.hvac_01_temperatura,21.9,{},2024-01-23T05:22:36.604268+00:00,2024-01-23T05:22:36.604268+00:00
70,sensor.hvac_01_temperatura,22.0,{},2024-01-23T06:04:54.217197+00:00,2024-01-23T06:04:54.217197+00:00
71,sensor.hvac_01_temperatura,21.9,{},2024-01-23T07:01:05.405512+00:00,2024-01-23T07:01:05.405512+00:00
72,sensor.hvac_01_temperatura,22.0,{},2024-01-23T07:03:06.057251+00:00,2024-01-23T07:03:06.057251+00:00
73,sensor.hvac_01_temperatura,21.9,{},2024-01-23T10:18:45.359161+00:00,2024-01-23T10:18:45.359161+00:00
74,sensor.hvac_01_temperatura,22.0,{},2024-01-23T10:38:49.173429+00:00,2024-01-23T10:38:49.173429+00:00
75,sensor.hvac_01_temperatura,21.9,{},2024-01-23T12:17:39.256593+00:00,2024-01-23T12:17:39.256593+00:00
76,sensor.hvac_01_temperatura,22.0,{},2024-01-23T12:19:29.797218+00:00,2024-01-23T12:19:29.797218+00:00
77,sensor.hvac_01_temperatura,21.9,{},2024-01-23T12:27:12.233229+00:00,2024-01-23T12:27:12.233229+00:00
78,sensor.hvac_01_temperatura,22.0,{},2024-01-23T12:30:23.048617+00:00,2024-01-23T12:30:23.048617+00:00
79,sensor.hvac_01_temperatura,22.1,{},2024-01-23T13:08:00.059223+00:00,2024-01-23T13:08:00.059223+00:00
80,sensor.hvac_01_temperatura,22.0,{},2024-01-23T13:17:22.012520+00:00,2024-01-23T13:17:22.012520+00:00
81,sensor.hvac_01_temperatura,22.1,{},2024-01-23T13:40:56.921632+00:00,2024-01-23T13:40:56.921632+00:00
82,sensor.hvac_01_temperatura,22.0,{},2024-01-23T14:11:32.630498+00:00,2024-01-23T14:11:32.630498+00:00
83,sensor.hvac_01_temperatura,22.1,{},2024-01-23T14:14:03.868093+00:00,2024-01-23T14:14:03.868093+00:00
84,sensor.hvac_01_temperatura,22.0,{},2024-01-23T15:20:47.550184+00:00,2024-01-23T15:20:47.550184+00:00
85,sensor.hvac_01_temperatura,22.1,{},2024-01-23T15:31:49.738853+00:00,2024-01-23T15:31:49.738853+00:00
86,sensor.hvac_01_temperatura,22.0,{},2024-01-23T17:14:30.500631+00:00,2024-01-23T17:14:30.500631+00:00
87,sensor.hvac_01_temperatura,22.1,{},2024-01-23T17:40:45.324852+00:00,2024-01-23T17:40:45.324852+00:00
88,sensor.hvac_01_temperatura,22.0,{},2024-01-23T18:22:54.058076+00:00,2024-01-23T18:22:54.058076+00:00
89,sensor.hvac_01_temperatura,22.1,{},2024-01-23T18:23:34.386223+00:00,2024-01-23T18:23:34.386223+00:00
90,sensor.hvac_01_temperatura,22.0,{},2024-01-23T18:54:10.257873+00:00,2024-01-23T18:54:10.257873+00:00
91,sensor.hvac_01_temperatura,22.1,{},2024-01-23T19:53:31.452452+00:00,2024-01-23T19:53:31.452452+00:00
92,sensor.hvac_01_temperatura,22.2,{},2024-01-23T21:01:35.571747+00:00,2024-01-23T21:01:35.571747+00:00
93,sensor.hvac_01_temperatura,22.3,{},2024-01-23T21:07:37.043217+00:00,2024-01-23T21:07:37.043217+00:00
94,sensor.hvac_01_temperatura,22.2,{},2024-01-23T21:08:47.476503+00:00,2024-01-23T21:08:47.476503+00:00
95,sensor.hvac_01_temperatura,22.3,{},2024-01-23T21:26:21.640866+00:00,2024-01-23T21:26:21.640866+00:00
96,sensor.hvac_01_temperatura,22.2,{},2024-01-23T21:30:43.310146+00:00,2024-01-23T21:30:43.310146+00:00
97,sensor.hvac_01_temperatura,22.1,{},2024-01-23T22:13:01.956233+00:00,2024-01-23T22:13:01.956233+00:00
98,sensor.hvac_01_temperatura,22.0,{},2024-01-24T02:40:07.364386+00:00,2024-01-24T02:40:07.364386+00:00
99,sensor.hvac_01_temperatura,22.1,{},2024-01-24T02:43:38.216848+00:00,2024-01-24T02:43:38.216848+00:00
100,sensor.hvac_01_temperatura,22.0,{},2024-01-24T03:06:02.892371+00:00,2024-01-24T03:06:02.892371+00:00
101,sensor.hvac_01_temperatura,22.1,{},2024-01-24T03:08:33.530855+00:00,2024-01-24T03:08:33.530855+00:00
102,sensor.hvac_01_temperatura,22.0,{},2024-01-24T03:26:17.716516+00:00,2024-01-24T03:26:17.716516+00:00
103,sensor.hvac_01_temperatura,22.1,{},2024-01-24T03:37:09.853989+00:00,2024-01-24T03:37:09.853989+00:00
104,sensor.hvac_01_temperatura,22.0,{},2024-01-24T04:22:39.344849+00:00,2024-01-24T04:22:39.344849+00:00
105,sensor.hvac_01_temperatura,22.1,{},2024-01-24T04:34:11.557396+00:00,2024-01-24T04:34:11.557396+00:00
106,sensor.hvac_01_temperatura,22.0,{},2024-01-24T05:43:56.566097+00:00,2024-01-24T05:43:56.566097+00:00
107,sensor.hvac_01_temperatura,22.1,{},2024-01-24T05:49:17.750874+00:00,2024-01-24T05:49:17.750874+00:00
108,sensor.hvac_01_temperatura,22.2,{},2024-01-24T07:20:07.559046+00:00,2024-01-24T07:20:07.559046+00:00
109,sensor.hvac_01_temperatura,22.1,{},2024-01-24T07:29:09.397349+00:00,2024-01-24T07:29:09.397349+00:00
110,sensor.hvac_01_temperatura,22.2,{},2024-01-24T07:49:13.333053+00:00,2024-01-24T07:49:13.333053+00:00
111,sensor.hvac_01_temperatura,22.1,{},2024-01-24T07:53:04.323660+00:00,2024-01-24T07:53:04.323660+00:00
112,sensor.hvac_01_temperatura,22.2,{},2024-01-24T08:21:40.364217+00:00,2024-01-24T08:21:40.364217+00:00
113,sensor.hvac_01_temperatura,22.1,{},2024-01-24T08:34:23.467191+00:00,2024-01-24T08:34:23.467191+00:00
114,sensor.hvac_01_temperatura,22.2,{},2024-01-24T08:48:37.194558+00:00,2024-01-24T08:48:37.194558+00:00
115,sensor.hvac_01_temperatura,22.1,{},2024-01-24T08:52:18.633792+00:00,2024-01-24T08:52:18.633792+00:00
116,sensor.hvac_01_temperatura,22.2,{},2024-01-24T08:54:49.288451+00:00,2024-01-24T08:54:49.288451+00:00
117,sensor.hvac_01_temperatura,22.1,{},2024-01-24T09:04:11.117761+00:00,2024-01-24T09:04:11.117761+00:00
118,sensor.hvac_01_temperatura,22.2,{},2024-01-24T09:27:46.839990+00:00,2024-01-24T09:27:46.839990+00:00
119,sensor.hvac_01_temperatura,22.1,{},2024-01-24T09:28:57.264292+00:00,2024-01-24T09:28:57.264292+00:00
120,sensor.hvac_01_temperatura,22.2,{},2024-01-24T09:38:59.226374+00:00,2024-01-24T09:38:59.226374+00:00
121,sensor.hvac_01_temperatura,22.1,{},2024-01-24T09:41:59.977815+00:00,2024-01-24T09:41:59.977815+00:00
122,sensor.hvac_01_temperatura,22.2,{},2024-01-24T09:52:53.225784+00:00,2024-01-24T09:52:53.225784+00:00
123,sensor.hvac_01_temperatura,22.1,{},2024-01-24T10:06:05.714967+00:00,2024-01-24T10:06:05.714967+00:00
124,sensor.hvac_01_temperatura,22.2,{},2024-01-24T10:44:34.187922+00:00,2024-01-24T10:44:34.187922+00:00
125,sensor.hvac_01_temperatura,22.1,{},2024-01-24T10:50:45.520768+00:00,2024-01-24T10:50:45.520768+00:00
126,sensor.hvac_01_temperatura,22.2,{},2024-01-24T10:52:16.026978+00:00,2024-01-24T10:52:16.026978+00:00
127,sensor.hvac_01_temperatura,22.1,{},2024-01-24T10:57:17.154002+00:00,2024-01-24T10:57:17.154002+00:00
128,sensor.hvac_01_temperatura,22.2,{},2024-01-24T10:59:17.729880+00:00,2024-01-24T10:59:17.729880+00:00
129,sensor.hvac_01_temperatura,22.3,{},2024-01-24T11:33:34.975191+00:00,2024-01-24T11:33:34.975191+00:00
130,sensor.hvac_01_temperatura,22.2,{},2024-01-24T11:50:58.803034+00:00,2024-01-24T11:50:58.803034+00:00
131,sensor.hvac_01_temperatura,22.3,{},2024-01-24T12:07:52.212978+00:00,2024-01-24T12:07:52.212978+00:00
132,sensor.hvac_01_temperatura,22.2,{},2024-01-24T12:32:18.088588+00:00,2024-01-24T12:32:18.088588+00:00
133,sensor.hvac_01_temperatura,22.3,{},2024-01-24T12:37:49.265560+00:00,2024-01-24T12:37:49.265560+00:00
134,sensor.hvac_01_temperatura,22.4,{},2024-01-24T13:16:46.831449+00:00,2024-01-24T13:16:46.831449+00:00
135,sensor.hvac_01_temperatura,22.3,{},2024-01-24T13:19:57.615638+00:00,2024-01-24T13:19:57.615638+00:00
136,sensor.hvac_01_temperatura,22.4,{},2024-01-24T13:20:27.948717+00:00,2024-01-24T13:20:27.948717+00:00
137,sensor.hvac_01_temperatura,22.3,{},2024-01-24T13:26:49.800408+00:00,2024-01-24T13:26:49.800408+00:00
138,sensor.hvac_01_temperatura,22.4,{},2024-01-24T14:22:00.457292+00:00,2024-01-24T14:22:00.457292+00:00
139,sensor.hvac_01_temperatura,22.3,{},2024-01-24T16:47:00.036032+00:00,2024-01-24T16:47:00.036032+00:00
140,sensor.hvac_01_temperatura,22.4,{},2024-01-24T16:47:20.329513+00:00,2024-01-24T16:47:20.329513+00:00
141,sensor.hvac_01_temperatura,22.3,{},2024-01-24T16:51:11.449225+00:00,2024-01-24T16:51:11.449225+00:00
142,sensor.hvac_01_temperatura,22.4,{},2024-01-24T16:52:21.881770+00:00,2024-01-24T16:52:21.881770+00:00
143,sensor.hvac_01_temperatura,22.3,{},2024-01-24T16:57:03.165000+00:00,2024-01-24T16:57:03.165000+00:00
144,sensor.hvac_01_temperatura,22.4,{},2024-01-24T17:48:13.430165+00:00,2024-01-24T17:48:13.430165+00:00
145,sensor.hvac_01_temperatura,22.3,{},2024-01-24T17:51:24.168722+00:00,2024-01-24T17:51:24.168722+00:00
146,sensor.hvac_01_temperatura,22.4,{},2024-01-24T17:57:45.483344+00:00,2024-01-24T17:57:45.483344+00:00
147,sensor.hvac_01_temperatura,22.3,{},2024-01-24T17:58:35.856591+00:00,2024-01-24T17:58:35.856591+00:00
148,sensor.hvac_01_temperatura,22.4,{},2024-01-24T18:05:17.285953+00:00,2024-01-24T18:05:17.285953+00:00
149,sensor.hvac_01_temperatura,22.3,{},2024-01-24T18:15:39.909174+00:00,2024-01-24T18:15:39.909174+00:00
150,sensor.hvac_01_temperatura,22.4,{},2024-01-24T18:36:13.688506+00:00,2024-01-24T18:36:13.688506+00:00
151,sensor.hvac_01_temperatura,22.3,{},2024-01-24T18:47:36.193029+00:00,2024-01-24T18:47:36.193029+00:00
152,sensor.hvac_01_temperatura,22.4,{},2024-01-24T19:01:19.368320+00:00,2024-01-24T19:01:19.368320+00:00
153,sensor.hvac_01_temperatura,22.3,{},2024-01-24T19:08:11.355876+00:00,2024-01-24T19:08:11.355876+00:00
154,sensor.hvac_01_temperatura,22.4,{},2024-01-24T20:51:22.702373+00:00,2024-01-24T20:51:22.702373+00:00
155,sensor.hvac_01_temperatura,22.3,{},2024-01-24T21:11:47.052734+00:00,2024-01-24T21:11:47.052734+00:00
156,sensor.hvac_01_temperatura,22.4,{},2024-01-24T21:22:39.860408+00:00,2024-01-24T21:22:39.860408+00:00
157,sensor.hvac_01_temperatura,22.5,{},2024-01-24T21:25:10.786791+00:00,2024-01-24T21:25:10.786791+00:00
158,sensor.hvac_01_temperatura,22.6,{},2024-01-24T21:34:23.738225+00:00,2024-01-24T21:34:23.738225+00:00
159,sensor.hvac_01_temperatura,22.7,{},2024-01-24T21:40:14.966206+00:00,2024-01-24T21:40:14.966206+00:00
160,sensor.hvac_01_temperatura,22.6,{},2024-01-24T21:54:08.935262+00:00,2024-01-24T21:54:08.935262+00:00
161,sensor.hvac_01_temperatura,22.5,{},2024-01-24T22:03:40.784005+00:00,2024-01-24T22:03:40.784005+00:00
162,sensor.hvac_01_temperatura,22.4,{},2024-01-24T22:20:34.338543+00:00,2024-01-24T22:20:34.338543+00:00
163,sensor.hvac_01_temperatura,22.3,{},2024-01-25T00:56:08.666512+00:00,2024-01-25T00:56:08.666512+00:00
164,sensor.hvac_01_temperatura,22.4,{},2024-01-25T00:59:09.413865+00:00,2024-01-25T00:59:09.413865+00:00
165,sensor.hvac_01_temperatura,22.3,{},2024-01-25T01:04:00.493254+00:00,2024-01-25T01:04:00.493254+00:00
166,sensor.hvac_01_temperatura,22.4,{},2024-01-25T01:05:10.931597+00:00,2024-01-25T01:05:10.931597+00:00
167,sensor.hvac_01_temperatura,22.3,{},2024-01-25T03:17:17.059459+00:00,2024-01-25T03:17:17.059459+00:00
168,sensor.hvac_01_temperatura,22.4,{},2024-01-25T03:17:27.316880+00:00,2024-01-25T03:17:27.316880+00:00
169,sensor.hvac_01_temperatura,22.3,{},2024-01-25T04:28:01.645626+00:00,2024-01-25T04:28:01.645626+00:00
170,sensor.hvac_01_temperatura,22.4,{},2024-01-25T05:05:59.039875+00:00,2024-01-25T05:05:59.039875+00:00
171,sensor.hvac_01_temperatura,22.5,{},2024-01-25T08:55:23.616654+00:00,2024-01-25T08:55:23.616654+00:00
172,sensor.hvac_01_temperatura,22.4,{},2024-01-25T08:56:24.015695+00:00,2024-01-25T08:56:24.015695+00:00
173,sensor.hvac_01_temperatura,22.5,{},2024-01-25T09:14:09.561854+00:00,2024-01-25T09:14:09.561854+00:00
174,sensor.hvac_01_temperatura,22.4,{},2024-01-25T09:17:50.667452+00:00,2024-01-25T09:17:50.667452+00:00
175,sensor.hvac_01_temperatura,22.5,{},2024-01-25T09:24:32.098518+00:00,2024-01-25T09:24:32.098518+00:00
176,sensor.hvac_01_temperatura,22.4,{},2024-01-25T09:25:52.552162+00:00,2024-01-25T09:25:52.552162+00:00
177,sensor.hvac_01_temperatura,22.5,{},2024-01-25T09:28:03.647397+00:00,2024-01-25T09:28:03.647397+00:00
178,sensor.hvac_01_temperatura,22.4,{},2024-01-25T09:28:54.020009+00:00,2024-01-25T09:28:54.020009+00:00
179,sensor.hvac_01_temperatura,22.5,{},2024-01-25T09:32:05.029064+00:00,2024-01-25T09:32:05.029064+00:00
180,sensor.hvac_01_temperatura,22.4,{},2024-01-25T09:32:55.403783+00:00,2024-01-25T09:32:55.403783+00:00
181,sensor.hvac_01_temperatura,22.5,{},2024-01-25T09:39:07.214915+00:00,2024-01-25T09:39:07.214915+00:00
182,sensor.hvac_01_temperatura,22.4,{},2024-01-25T09:39:37.534475+00:00,2024-01-25T09:39:37.534475+00:00
183,sensor.hvac_01_temperatura,22.5,{},2024-01-25T09:42:08.202919+00:00,2024-01-25T09:42:08.202919+00:00
184,sensor.hvac_01_temperatura,22.4,{},2024-01-25T09:45:19.230380+00:00,2024-01-25T09:45:19.230380+00:00
185,sensor.hvac_01_temperatura,22.5,{},2024-01-25T10:09:33.706166+00:00,2024-01-25T10:09:33.706166+00:00
186,sensor.hvac_01_temperatura,22.4,{},2024-01-25T12:02:08.311147+00:00,2024-01-25T12:02:08.311147+00:00
187,sensor.hvac_01_temperatura,22.5,{},2024-01-25T12:13:11.025698+00:00,2024-01-25T12:13:11.025698+00:00
188,sensor.hvac_01_temperatura,22.4,{},2024-01-25T12:22:03.060072+00:00,2024-01-25T12:22:03.060072+00:00
189,sensor.hvac_01_temperatura,22.5,{},2024-01-25T12:31:04.797786+00:00,2024-01-25T12:31:04.797786+00:00
190,sensor.hvac_01_temperatura,22.4,{},2024-01-25T12:33:15.646094+00:00,2024-01-25T12:33:15.646094+00:00
191,sensor.hvac_01_temperatura,22.5,{},2024-01-25T12:34:26.070953+00:00,2024-01-25T12:34:26.070953+00:00
192,sensor.hvac_01_temperatura,22.4,{},2024-01-25T15:50:37.092155+00:00,2024-01-25T15:50:37.092155+00:00
193,sensor.hvac_01_temperatura,22.5,{},2024-01-25T16:05:30.943730+00:00,2024-01-25T16:05:30.943730+00:00
194,sensor.hvac_01_temperatura,22.4,{},2024-01-25T16:49:19.746707+00:00,2024-01-25T16:49:19.746707+00:00
195,sensor.hvac_01_temperatura,22.5,{},2024-01-25T16:57:42.484949+00:00,2024-01-25T16:57:42.484949+00:00
196,sensor.hvac_01_temperatura,22.4,{},2024-01-25T16:58:53.163279+00:00,2024-01-25T16:58:53.163279+00:00
197,sensor.hvac_01_temperatura,22.5,{},2024-01-25T17:01:04.220829+00:00,2024-01-25T17:01:04.220829+00:00
198,sensor.hvac_01_temperatura,22.4,{},2024-01-25T17:10:16.043187+00:00,2024-01-25T17:10:16.043187+00:00
199,sensor.hvac_01_temperatura,22.5,{},2024-01-25T17:19:07.844097+00:00,2024-01-25T17:19:07.844097+00:00
200,sensor.hvac_01_temperatura,22.6,{},2024-01-25T17:55:45.988514+00:00,2024-01-25T17:55:45.988514+00:00
201,sensor.hvac_01_temperatura,22.7,{},2024-01-25T18:01:17.382329+00:00,2024-01-25T18:01:17.382329+00:00
202,sensor.hvac_01_temperatura,22.8,{},2024-01-25T18:10:19.599054+00:00,2024-01-25T18:10:19.599054+00:00
203,sensor.hvac_01_temperatura,22.9,{},2024-01-25T18:16:30.884593+00:00,2024-01-25T18:16:30.884593+00:00
204,sensor.hvac_01_temperatura,22.8,{},2024-01-25T18:18:01.610839+00:00,2024-01-25T18:18:01.610839+00:00
205,sensor.hvac_01_temperatura,22.7,{},2024-01-25T18:29:54.135416+00:00,2024-01-25T18:29:54.135416+00:00
206,sensor.hvac_01_temperatura,22.6,{},2024-01-25T18:41:56.429249+00:00,2024-01-25T18:41:56.429249+00:00
207,sensor.hvac_01_temperatura,22.5,{},2024-01-25T19:56:02.180624+00:00,2024-01-25T19:56:02.180624+00:00
208,sensor.hvac_01_temperatura,22.4,{},2024-01-25T22:37:44.306002+00:00,2024-01-25T22:37:44.306002+00:00
209,sensor.hvac_01_temperatura,22.5,{},2024-01-25T22:51:07.415081+00:00,2024-01-25T22:51:07.415081+00:00
210,sensor.hvac_01_temperatura,22.4,{},2024-01-25T23:08:20.577149+00:00,2024-01-25T23:08:20.577149+00:00
211,sensor.hvac_01_temperatura,22.3,{},2024-01-26T03:10:59.980490+00:00,2024-01-26T03:10:59.980490+00:00
212,sensor.hvac_01_temperatura,22.4,{},2024-01-26T03:52:28.270817+00:00,2024-01-26T03:52:28.270817+00:00
213,sensor.hvac_01_temperatura,22.3,{},2024-01-26T05:58:23.316378+00:00,2024-01-26T05:58:23.316378+00:00
214,sensor.hvac_01_temperatura,22.4,{},2024-01-26T06:02:04.755394+00:00,2024-01-26T06:02:04.755394+00:00
215,sensor.hvac_01_temperatura,22.3,{},2024-01-26T06:57:04.634067+00:00,2024-01-26T06:57:04.634067+00:00
216,sensor.hvac_01_temperatura,22.4,{},2024-01-26T08:36:33.946270+00:00,2024-01-26T08:36:33.946270+00:00
217,sensor.hvac_01_temperatura,22.3,{},2024-01-26T09:30:14.426746+00:00,2024-01-26T09:30:14.426746+00:00
218,sensor.hvac_01_temperatura,22.2,{},2024-01-26T12:29:00.651344+00:00,2024-01-26T12:29:00.651344+00:00
219,sensor.hvac_01_temperatura,22.3,{},2024-01-26T12:49:34.420256+00:00,2024-01-26T12:49:34.420256+00:00
220,sensor.hvac_01_temperatura,22.2,{},2024-01-26T12:59:16.313473+00:00,2024-01-26T12:59:16.313473+00:00
221,sensor.hvac_01_temperatura,22.3,{},2024-01-26T13:14:59.615297+00:00,2024-01-26T13:14:59.615297+00:00
222,sensor.hvac_01_temperatura,22.2,{},2024-01-26T13:16:20.641473+00:00,2024-01-26T13:16:20.641473+00:00
223,sensor.hvac_01_temperatura,22.3,{},2024-01-26T13:39:44.910643+00:00,2024-01-26T13:39:44.910643+00:00
224,sensor.hvac_01_temperatura,22.2,{},2024-01-26T14:40:47.714824+00:00,2024-01-26T14:40:47.714824+00:00
225,sensor.hvac_01_temperatura,22.3,{},2024-01-26T15:40:40.843706+00:00,2024-01-26T15:40:40.843706+00:00
226,sensor.hvac_01_temperatura,22.2,{},2024-01-26T15:44:51.794191+00:00,2024-01-26T15:44:51.794191+00:00
227,sensor.hvac_01_temperatura,22.3,{},2024-01-26T15:49:12.777713+00:00,2024-01-26T15:49:12.777713+00:00
228,sensor.hvac_01_temperatura,22.4,{},2024-01-26T16:45:34.770098+00:00,2024-01-26T16:45:34.770098+00:00
229,sensor.hvac_01_temperatura,22.3,{},2024-01-26T17:00:28.445962+00:00,2024-01-26T17:00:28.445962+00:00
230,sensor.hvac_01_temperatura,22.2,{},2024-01-26T18:39:38.222608+00:00,2024-01-26T18:39:38.222608+00:00
231,sensor.hvac_01_temperatura,22.3,{},2024-01-26T18:50:00.570953+00:00,2024-01-26T18:50:00.570953+00:00
232,sensor.hvac_01_temperatura,22.2,{},2024-01-26T18:58:22.848724+00:00,2024-01-26T18:58:22.848724+00:00
233,sensor.hvac_01_temperatura,22.1,{},2024-01-26T19:11:55.876734+00:00,2024-01-26T19:11:55.876734+00:00
234,sensor.hvac_01_temperatura,22.2,{},2024-01-26T19:13:26.367661+00:00,2024-01-26T19:13:26.367661+00:00
235,sensor.hvac_01_temperatura,22.1,{},2024-01-26T19:22:18.116510+00:00,2024-01-26T19:22:18.116510+00:00
236,sensor.hvac_01_temperatura,22.2,{},2024-01-26T20:17:09.771186+00:00,2024-01-26T20:17:09.771186+00:00
237,sensor.hvac_01_temperatura,22.3,{},2024-01-26T20:20:50.857142+00:00,2024-01-26T20:20:50.857142+00:00
238,sensor.hvac_01_temperatura,22.2,{},2024-01-26T20:23:01.460130+00:00,2024-01-26T20:23:01.460130+00:00
239,sensor.hvac_01_temperatura,22.1,{},2024-01-26T21:05:19.897925+00:00,2024-01-26T21:05:19.897925+00:00
240,sensor.hvac_01_temperatura,22.0,{},2024-01-26T22:40:49.660510+00:00,2024-01-26T22:40:49.660510+00:00
241,sensor.hvac_01_temperatura,22.1,{},2024-01-26T22:42:30.198765+00:00,2024-01-26T22:42:30.198765+00:00
242,sensor.hvac_01_temperatura,22.0,{},2024-01-26T22:43:21.030214+00:00,2024-01-26T22:43:21.030214+00:00
243,sensor.hvac_01_temperatura,22.1,{},2024-01-26T22:46:01.733439+00:00,2024-01-26T22:46:01.733439+00:00
244,sensor.hvac_01_temperatura,22.0,{},2024-01-26T22:50:33.884127+00:00,2024-01-26T22:50:33.884127+00:00
245,sensor.hvac_01_temperatura,22.1,{},2024-01-26T22:51:04.201456+00:00,2024-01-26T22:51:04.201456+00:00
246,sensor.hvac_01_temperatura,22.0,{},2024-01-26T22:55:15.653901+00:00,2024-01-26T22:55:15.653901+00:00
247,sensor.hvac_01_temperatura,22.1,{},2024-01-26T23:00:06.942375+00:00,2024-01-26T23:00:06.942375+00:00
248,sensor.hvac_01_temperatura,22.0,{},2024-01-26T23:01:17.837264+00:00,2024-01-26T23:01:17.837264+00:00
249,sensor.hvac_01_temperatura,22.1,{},2024-01-26T23:01:28.094171+00:00,2024-01-26T23:01:28.094171+00:00
250,sensor.hvac_01_temperatura,22.0,{},2024-01-26T23:16:12.220468+00:00,2024-01-26T23:16:12.220468+00:00
251,sensor.hvac_01_temperatura,22.1,{},2024-01-26T23:34:05.845734+00:00,2024-01-26T23:34:05.845734+00:00
252,sensor.hvac_01_temperatura,22.0,{},2024-01-26T23:36:16.555429+00:00,2024-01-26T23:36:16.555429+00:00
253,sensor.hvac_01_temperatura,22.1,{},2024-01-26T23:48:09.438571+00:00,2024-01-26T23:48:09.438571+00:00
254,sensor.hvac_01_temperatura,22.0,{},2024-01-26T23:52:50.517812+00:00,2024-01-26T23:52:50.517812+00:00
255,sensor.hvac_01_temperatura,22.1,{},2024-01-27T00:15:14.906731+00:00,2024-01-27T00:15:14.906731+00:00
256,sensor.hvac_01_temperatura,22.0,{},2024-01-27T00:19:26.072043+00:00,2024-01-27T00:19:26.072043+00:00
257,sensor.hvac_01_temperatura,22.1,{},2024-01-27T00:28:58.083186+00:00,2024-01-27T00:28:58.083186+00:00
258,sensor.hvac_01_temperatura,22.0,{},2024-01-27T00:37:10.314560+00:00,2024-01-27T00:37:10.314560+00:00
259,sensor.hvac_01_temperatura,22.1,{},2024-01-27T00:42:01.418771+00:00,2024-01-27T00:42:01.418771+00:00
260,sensor.hvac_01_temperatura,22.0,{},2024-01-27T00:51:03.447327+00:00,2024-01-27T00:51:03.447327+00:00
261,sensor.hvac_01_temperatura,22.1,{},2024-01-27T03:04:11.294711+00:00,2024-01-27T03:04:11.294711+00:00
262,sensor.hvac_01_temperatura,22.0,{},2024-01-27T03:12:33.090679+00:00,2024-01-27T03:12:33.090679+00:00
263,sensor.hvac_01_temperatura,21.9,{},2024-01-27T03:13:54.142636+00:00,2024-01-27T03:13:54.142636+00:00
264,sensor.hvac_01_temperatura,22.0,{},2024-01-27T03:14:34.498305+00:00,2024-01-27T03:14:34.498305+00:00
265,sensor.hvac_01_temperatura,22.1,{},2024-01-27T04:05:46.196047+00:00,2024-01-27T04:05:46.196047+00:00
266,sensor.hvac_01_temperatura,22.0,{},2024-01-27T04:59:05.769189+00:00,2024-01-27T04:59:05.769189+00:00
267,sensor.hvac_01_temperatura,21.9,{},2024-01-27T06:03:59.234221+00:00,2024-01-27T06:03:59.234221+00:00
268,sensor.hvac_01_temperatura,22.0,{},2024-01-27T06:14:51.381191+00:00,2024-01-27T06:14:51.381191+00:00
269,sensor.hvac_01_temperatura,21.9,{},2024-01-27T08:57:43.538599+00:00,2024-01-27T08:57:43.538599+00:00
270,sensor.hvac_01_temperatura,22.0,{},2024-01-27T11:25:34.701919+00:00,2024-01-27T11:25:34.701919+00:00
271,sensor.hvac_01_temperatura,21.9,{},2024-01-27T11:47:29.216356+00:00,2024-01-27T11:47:29.216356+00:00
272,sensor.hvac_01_temperatura,21.8,{},2024-01-27T13:54:56.680165+00:00,2024-01-27T13:54:56.680165+00:00
273,sensor.hvac_01_temperatura,21.9,{},2024-01-27T14:04:28.705049+00:00,2024-01-27T14:04:28.705049+00:00
274,sensor.hvac_01_temperatura,21.8,{},2024-01-27T14:22:22.877354+00:00,2024-01-27T14:22:22.877354+00:00
275,sensor.hvac_01_temperatura,21.9,{},2024-01-27T14:36:15.588576+00:00,2024-01-27T14:36:15.588576+00:00
276,sensor.hvac_01_temperatura,22.0,{},2024-01-27T14:59:00.823249+00:00,2024-01-27T14:59:00.823249+00:00
277,sensor.hvac_01_temperatura,22.1,{},2024-01-27T15:00:01.230491+00:00,2024-01-27T15:00:01.230491+00:00
278,sensor.hvac_01_temperatura,22.2,{},2024-01-27T15:03:33.423175+00:00,2024-01-27T15:03:33.423175+00:00
279,sensor.hvac_01_temperatura,22.1,{},2024-01-27T15:04:13.774905+00:00,2024-01-27T15:04:13.774905+00:00
280,sensor.hvac_01_temperatura,22.0,{},2024-01-27T15:17:36.542778+00:00,2024-01-27T15:17:36.542778+00:00
281,sensor.hvac_01_temperatura,21.9,{},2024-01-27T15:30:19.051268+00:00,2024-01-27T15:30:19.051268+00:00
282,sensor.hvac_01_temperatura,21.8,{},2024-01-27T16:45:24.900618+00:00,2024-01-27T16:45:24.900618+00:00
283,sensor.hvac_01_temperatura,21.9,{},2024-01-27T16:59:28.201372+00:00,2024-01-27T16:59:28.201372+00:00
284,sensor.hvac_01_temperatura,22.0,{},2024-01-27T19:03:43.245630+00:00,2024-01-27T19:03:43.245630+00:00
285,sensor.hvac_01_temperatura,21.9,{},2024-01-27T19:23:46.987250+00:00,2024-01-27T19:23:46.987250+00:00
286,sensor.hvac_01_temperatura,22.0,{},2024-01-27T20:33:10.992393+00:00,2024-01-27T20:33:10.992393+00:00
287,sensor.hvac_01_temperatura,21.9,{},2024-01-27T20:38:32.727482+00:00,2024-01-27T20:38:32.727482+00:00
288,sensor.hvac_01_temperatura,22.0,{},2024-01-27T21:25:01.356336+00:00,2024-01-27T21:25:01.356336+00:00
289,sensor.hvac_01_temperatura,22.1,{},2024-01-27T21:26:31.861758+00:00,2024-01-27T21:26:31.861758+00:00
290,sensor.hvac_01_temperatura,22.0,{},2024-01-27T22:12:22.076036+00:00,2024-01-27T22:12:22.076036+00:00
291,sensor.hvac_01_temperatura,21.9,{},2024-01-27T23:18:25.808327+00:00,2024-01-27T23:18:25.808327+00:00
292,sensor.hvac_01_temperatura,22.0,{},2024-01-28T00:09:55.136813+00:00,2024-01-28T00:09:55.136813+00:00
293,sensor.hvac_01_temperatura,21.9,{},2024-01-28T00:48:53.073996+00:00,2024-01-28T00:48:53.073996+00:00
294,sensor.hvac_01_temperatura,22.0,{},2024-01-28T01:49:34.788026+00:00,2024-01-28T01:49:34.788026+00:00
295,sensor.hvac_01_temperatura,21.9,{},2024-01-28T03:35:16.042833+00:00,2024-01-28T03:35:16.042833+00:00
296,sensor.hvac_01_temperatura,22.0,{},2024-01-28T03:55:29.832326+00:00,2024-01-28T03:55:29.832326+00:00
297,sensor.hvac_01_temperatura,21.9,{},2024-01-28T06:37:42.743142+00:00,2024-01-28T06:37:42.743142+00:00
298,sensor.hvac_01_temperatura,22.1,{},2024-01-28T06:59:06.737247+00:00,2024-01-28T06:59:06.737247+00:00
299,sensor.hvac_01_temperatura,22.2,{},2024-01-28T07:09:09.636732+00:00,2024-01-28T07:09:09.636732+00:00
300,sensor.hvac_01_temperatura,22.3,{},2024-01-28T07:14:41.084564+00:00,2024-01-28T07:14:41.084564+00:00
301,sensor.hvac_01_temperatura,22.4,{},2024-01-28T07:20:22.332021+00:00,2024-01-28T07:20:22.332021+00:00
302,sensor.hvac_01_temperatura,22.3,{},2024-01-28T07:22:13.107829+00:00,2024-01-28T07:22:13.107829+00:00
303,sensor.hvac_01_temperatura,22.4,{},2024-01-28T07:22:53.454603+00:00,2024-01-28T07:22:53.454603+00:00
304,sensor.hvac_01_temperatura,22.3,{},2024-01-28T07:26:04.248722+00:00,2024-01-28T07:26:04.248722+00:00
305,sensor.hvac_01_temperatura,22.2,{},2024-01-28T07:33:15.995272+00:00,2024-01-28T07:33:15.995272+00:00
306,sensor.hvac_01_temperatura,22.0,{},2024-01-28T07:53:00.553628+00:00,2024-01-28T07:53:00.553628+00:00
307,sensor.hvac_01_temperatura,21.9,{},2024-01-28T08:08:33.486829+00:00,2024-01-28T08:08:33.486829+00:00
308,sensor.hvac_01_temperatura,22.0,{},2024-01-28T08:19:45.655218+00:00,2024-01-28T08:19:45.655218+00:00
309,sensor.hvac_01_temperatura,22.1,{},2024-01-28T08:33:58.419022+00:00,2024-01-28T08:33:58.419022+00:00
310,sensor.hvac_01_temperatura,22.0,{},2024-01-28T09:12:07.028054+00:00,2024-01-28T09:12:07.028054+00:00
311,sensor.hvac_01_temperatura,22.1,{},2024-01-28T09:32:31.100435+00:00,2024-01-28T09:32:31.100435+00:00
312,sensor.hvac_01_temperatura,22.0,{},2024-01-28T10:29:52.442713+00:00,2024-01-28T10:29:52.442713+00:00
313,sensor.hvac_01_temperatura,21.9,{},2024-01-28T11:15:51.419896+00:00,2024-01-28T11:15:51.419896+00:00
314,sensor.hvac_01_temperatura,22.0,{},2024-01-28T12:19:54.895926+00:00,2024-01-28T12:19:54.895926+00:00
315,sensor.hvac_01_temperatura,21.9,{},2024-01-28T12:24:46.505743+00:00,2024-01-28T12:24:46.505743+00:00
316,sensor.hvac_01_temperatura,22.0,{},2024-01-28T12:29:27.560029+00:00,2024-01-28T12:29:27.560029+00:00
317,sensor.hvac_01_temperatura,21.9,{},2024-01-28T13:19:57.826416+00:00,2024-01-28T13:19:57.826416+00:00
318,sensor.hvac_01_temperatura,22.0,{},2024-01-28T13:27:19.914656+00:00,2024-01-28T13:27:19.914656+00:00
319,sensor.hvac_01_temperatura,21.9,{},2024-01-28T14:10:37.727745+00:00,2024-01-28T14:10:37.727745+00:00
320,sensor.hvac_01_temperatura,22.0,{},2024-01-28T14:12:18.254950+00:00,2024-01-28T14:12:18.254950+00:00
321,sensor.hvac_01_temperatura,22.1,{},2024-01-28T14:47:55.794891+00:00,2024-01-28T14:47:55.794891+00:00
322,sensor.hvac_01_temperatura,22.0,{},2024-01-28T16:05:20.804437+00:00,2024-01-28T16:05:20.804437+00:00
323,sensor.hvac_01_temperatura,22.1,{},2024-01-28T16:30:46.118136+00:00,2024-01-28T16:30:46.118136+00:00
324,sensor.hvac_01_temperatura,22.2,{},2024-01-28T16:34:17.177018+00:00,2024-01-28T16:34:17.177018+00:00
325,sensor.hvac_01_temperatura,22.4,{},2024-01-28T16:42:08.982182+00:00,2024-01-28T16:42:08.982182+00:00
326,sensor.hvac_01_temperatura,22.3,{},2024-01-28T16:55:01.942195+00:00,2024-01-28T16:55:01.942195+00:00
327,sensor.hvac_01_temperatura,22.2,{},2024-01-28T17:00:53.258412+00:00,2024-01-28T17:00:53.258412+00:00
328,sensor.hvac_01_temperatura,22.1,{},2024-01-28T17:16:46.830591+00:00,2024-01-28T17:16:46.830591+00:00
329,sensor.hvac_01_temperatura,22.0,{},2024-01-28T21:21:03.997585+00:00,2024-01-28T21:21:03.997585+00:00
330,sensor.hvac_01_temperatura,22.1,{},2024-01-28T21:32:56.280349+00:00,2024-01-28T21:32:56.280349+00:00
331,sensor.hvac_01_temperatura,22.0,{},2024-01-28T21:37:17.305903+00:00,2024-01-28T21:37:17.305903+00:00
332,sensor.hvac_01_temperatura,22.2,{},2024-01-28T21:52:10.728136+00:00,2024-01-28T21:52:10.728136+00:00
333,sensor.hvac_01_temperatura,22.1,{},2024-01-28T22:22:56.401757+00:00,2024-01-28T22:22:56.401757+00:00
334,sensor.hvac_01_temperatura,22.0,{},2024-01-28T22:34:49.018618+00:00,2024-01-28T22:34:49.018618+00:00
335,sensor.hvac_01_temperatura,22.1,{},2024-01-28T22:49:22.345709+00:00,2024-01-28T22:49:22.345709+00:00
336,sensor.hvac_01_temperatura,22.0,{},2024-01-29T01:29:54.250702+00:00,2024-01-29T01:29:54.250702+00:00
337,sensor.hvac_01_temperatura,22.1,{},2024-01-29T01:31:34.784771+00:00,2024-01-29T01:31:34.784771+00:00
338,sensor.hvac_01_temperatura,22.0,{},2024-01-29T01:44:47.314513+00:00,2024-01-29T01:44:47.314513+00:00
339,sensor.hvac_01_temperatura,22.1,{},2024-01-29T02:17:33.357769+00:00,2024-01-29T02:17:33.357769+00:00
340,sensor.hvac_01_temperatura,22.0,{},2024-01-29T02:21:04.766912+00:00,2024-01-29T02:21:04.766912+00:00
341,sensor.hvac_01_temperatura,22.1,{},2024-01-29T03:10:13.797022+00:00,2024-01-29T03:10:13.797022+00:00
342,sensor.hvac_01_temperatura,22.0,{},2024-01-29T03:19:16.174066+00:00,2024-01-29T03:19:16.174066+00:00
343,sensor.hvac_01_temperatura,22.1,{},2024-01-29T04:02:54.476279+00:00,2024-01-29T04:02:54.476279+00:00
344,sensor.hvac_01_temperatura,22.0,{},2024-01-29T04:30:20.347549+00:00,2024-01-29T04:30:20.347549+00:00
345,sensor.hvac_01_temperatura,22.1,{},2024-01-29T04:55:55.172730+00:00,2024-01-29T04:55:55.172730+00:00
346,sensor.hvac_01_temperatura,22.0,{},2024-01-29T08:35:19.338274+00:00,2024-01-29T08:35:19.338274+00:00
347,sensor.hvac_01_temperatura,22.1,{},2024-01-29T08:45:41.435460+00:00,2024-01-29T08:45:41.435460+00:00
348,sensor.hvac_01_temperatura,22.0,{},2024-01-29T10:13:27.947983+00:00,2024-01-29T10:13:27.947983+00:00
349,sensor.hvac_01_temperatura,22.1,{},2024-01-29T10:17:38.991285+00:00,2024-01-29T10:17:38.991285+00:00
350,sensor.hvac_01_temperatura,22.2,{},2024-01-29T16:45:55.154467+00:00,2024-01-29T16:45:55.154467+00:00
351,sensor.hvac_01_temperatura,22.1,{},2024-01-29T17:39:34.965001+00:00,2024-01-29T17:39:34.965001+00:00
352,sensor.hvac_01_temperatura,22.2,{},2024-01-29T20:39:21.478758+00:00,2024-01-29T20:39:21.478758+00:00
353,sensor.hvac_01_temperatura,22.3,{},2024-01-29T20:42:22.460966+00:00,2024-01-29T20:42:22.460966+00:00
354,sensor.hvac_01_temperatura,22.4,{},2024-01-29T20:46:13.363670+00:00,2024-01-29T20:46:13.363670+00:00
355,sensor.hvac_01_temperatura,22.5,{},2024-01-29T20:51:04.439597+00:00,2024-01-29T20:51:04.439597+00:00
356,sensor.hvac_01_temperatura,22.4,{},2024-01-29T20:52:15.096721+00:00,2024-01-29T20:52:15.096721+00:00
357,sensor.hvac_01_temperatura,22.5,{},2024-01-29T21:02:07.533901+00:00,2024-01-29T21:02:07.533901+00:00
358,sensor.hvac_01_temperatura,22.6,{},2024-01-29T21:11:29.641936+00:00,2024-01-29T21:11:29.641936+00:00
359,sensor.hvac_01_temperatura,22.5,{},2024-01-29T21:14:00.319457+00:00,2024-01-29T21:14:00.319457+00:00
360,sensor.hvac_01_temperatura,22.4,{},2024-01-29T21:17:41.273257+00:00,2024-01-29T21:17:41.273257+00:00
361,sensor.hvac_01_temperatura,22.3,{},2024-01-29T21:36:35.542577+00:00,2024-01-29T21:36:35.542577+00:00
362,sensor.hvac_01_temperatura,22.2,{},2024-01-29T22:17:23.097383+00:00,2024-01-29T22:17:23.097383+00:00
363,sensor.hvac_01_temperatura,22.1,{},2024-01-29T23:12:34.095280+00:00,2024-01-29T23:12:34.095280+00:00
364,sensor.hvac_01_temperatura,22.2,{},2024-01-30T04:52:40.689075+00:00,2024-01-30T04:52:40.689075+00:00
365,sensor.hvac_01_temperatura,22.1,{},2024-01-30T05:01:12.434849+00:00,2024-01-30T05:01:12.434849+00:00
366,sensor.hvac_01_temperatura,22.2,{},2024-01-30T07:33:51.444470+00:00,2024-01-30T07:33:51.444470+00:00
367,sensor.hvac_01_temperatura,22.1,{},2024-01-30T08:24:11.217897+00:00,2024-01-30T08:24:11.217897+00:00
368,sensor.hvac_01_temperatura,22.2,{},2024-01-30T14:36:54.694018+00:00,2024-01-30T14:36:54.694018+00:00
369,sensor.hvac_01_temperatura,22.1,{},2024-01-30T15:32:25.192294+00:00,2024-01-30T15:32:25.192294+00:00
370,sensor.hvac_01_temperatura,22.2,{},2024-01-30T17:10:34.109032+00:00,2024-01-30T17:10:34.109032+00:00
371,sensor.hvac_01_temperatura,22.1,{},2024-01-30T17:27:57.463353+00:00,2024-01-30T17:27:57.463353+00:00
372,sensor.hvac_01_temperatura,22.2,{},2024-01-30T18:31:20.469828+00:00,2024-01-30T18:31:20.469828+00:00
373,sensor.hvac_01_temperatura,22.1,{},2024-01-30T18:41:12.428093+00:00,2024-01-30T18:41:12.428093+00:00
374,sensor.hvac_01_temperatura,22.2,{},2024-01-30T19:36:53.767081+00:00,2024-01-30T19:36:53.767081+00:00
375,sensor.hvac_01_temperatura,22.3,{},2024-01-30T20:12:40.317582+00:00,2024-01-30T20:12:40.317582+00:00
376,sensor.hvac_01_temperatura,22.2,{},2024-01-30T20:18:52.193159+00:00,2024-01-30T20:18:52.193159+00:00
377,sensor.hvac_01_temperatura,22.3,{},2024-01-30T20:24:13.392075+00:00,2024-01-30T20:24:13.392075+00:00
378,sensor.hvac_01_temperatura,22.4,{},2024-01-30T20:32:15.257562+00:00,2024-01-30T20:32:15.257562+00:00
379,sensor.hvac_01_temperatura,22.5,{},2024-01-30T20:38:46.607817+00:00,2024-01-30T20:38:46.607817+00:00
380,sensor.hvac_01_temperatura,22.6,{},2024-01-30T20:45:18.183797+00:00,2024-01-30T20:45:18.183797+00:00
381,sensor.hvac_01_temperatura,22.5,{},2024-01-30T20:46:08.787519+00:00,2024-01-30T20:46:08.787519+00:00
382,sensor.hvac_01_temperatura,22.4,{},2024-01-30T20:50:30.042366+00:00,2024-01-30T20:50:30.042366+00:00
383,sensor.hvac_01_temperatura,22.3,{},2024-01-30T21:08:53.512030+00:00,2024-01-30T21:08:53.512030+00:00
384,sensor.hvac_01_temperatura,22.2,{},2024-01-30T21:40:19.768241+00:00,2024-01-30T21:40:19.768241+00:00
385,sensor.hvac_01_temperatura,22.3,{},2024-01-30T21:43:50.836291+00:00,2024-01-30T21:43:50.836291+00:00
386,sensor.hvac_01_temperatura,22.4,{},2024-01-30T21:48:12.048620+00:00,2024-01-30T21:48:12.048620+00:00
387,sensor.hvac_01_temperatura,22.3,{},2024-01-30T21:54:53.670704+00:00,2024-01-30T21:54:53.670704+00:00
388,sensor.hvac_01_temperatura,22.2,{},2024-01-30T22:55:15.340318+00:00,2024-01-30T22:55:15.340318+00:00
389,sensor.hvac_01_temperatura,22.1,{},2024-01-30T23:11:08.957893+00:00,2024-01-30T23:11:08.957893+00:00
390,sensor.hvac_01_temperatura,22.0,{},2024-01-31T01:26:14.690727+00:00,2024-01-31T01:26:14.690727+00:00
391,sensor.hvac_01_temperatura,22.1,{},2024-01-31T07:59:52.136258+00:00,2024-01-31T07:59:52.136258+00:00
392,sensor.hvac_01_temperatura,22.2,{},2024-01-31T10:06:27.367130+00:00,2024-01-31T10:06:27.367130+00:00
393,sensor.hvac_01_temperatura,22.1,{},2024-01-31T10:28:32.095705+00:00,2024-01-31T10:28:32.095705+00:00
394,sensor.hvac_01_temperatura,22.2,{},2024-01-31T11:01:08.369621+00:00,2024-01-31T11:01:08.369621+00:00
395,sensor.hvac_01_temperatura,22.1,{},2024-01-31T12:49:19.357149+00:00,2024-01-31T12:49:19.357149+00:00
396,sensor.hvac_01_temperatura,22.2,{},2024-01-31T12:53:30.884297+00:00,2024-01-31T12:53:30.884297+00:00
397,sensor.hvac_01_temperatura,22.1,{},2024-01-31T13:38:39.139210+00:00,2024-01-31T13:38:39.139210+00:00
398,sensor.hvac_01_temperatura,22.2,{},2024-01-31T13:41:40.206265+00:00,2024-01-31T13:41:40.206265+00:00
399,sensor.hvac_01_temperatura,22.1,{},2024-01-31T13:51:22.691518+00:00,2024-01-31T13:51:22.691518+00:00
400,sensor.hvac_01_temperatura,22.0,{},2024-01-31T17:30:45.814695+00:00,2024-01-31T17:30:45.814695+00:00
401,sensor.hvac_01_temperatura,22.1,{},2024-01-31T17:44:48.490806+00:00,2024-01-31T17:44:48.490806+00:00
402,sensor.hvac_01_temperatura,22.0,{},2024-01-31T19:09:24.977684+00:00,2024-01-31T19:09:24.977684+00:00
403,sensor.hvac_01_temperatura,22.1,{},2024-01-31T19:16:26.515454+00:00,2024-01-31T19:16:26.515454+00:00
404,sensor.hvac_01_temperatura,22.2,{},2024-01-31T19:56:55.372689+00:00,2024-01-31T19:56:55.372689+00:00
405,sensor.hvac_01_temperatura,22.1,{},2024-01-31T20:00:36.488664+00:00,2024-01-31T20:00:36.488664+00:00
406,sensor.hvac_01_temperatura,22.2,{},2024-01-31T20:08:18.090088+00:00,2024-01-31T20:08:18.090088+00:00
407,sensor.hvac_01_temperatura,22.4,{},2024-01-31T20:13:00.272382+00:00,2024-01-31T20:13:00.272382+00:00
408,sensor.hvac_01_temperatura,22.3,{},2024-01-31T20:29:04.024752+00:00,2024-01-31T20:29:04.024752+00:00
409,sensor.hvac_01_temperatura,22.1,{},2024-01-31T20:52:08.305771+00:00,2024-01-31T20:52:08.305771+00:00
410,sensor.hvac_01_temperatura,22.0,{},2024-01-31T22:01:32.249133+00:00,2024-01-31T22:01:32.249133+00:00
411,sensor.hvac_01_temperatura,22.1,{},2024-01-31T22:34:49.403706+00:00,2024-01-31T22:34:49.403706+00:00
412,sensor.hvac_01_temperatura,22.0,{},2024-01-31T22:42:20.935163+00:00,2024-01-31T22:42:20.935163+00:00
413,sensor.hvac_01_temperatura,21.9,{},2024-01-31T23:46:23.918477+00:00,2024-01-31T23:46:23.918477+00:00
414,sensor.hvac_01_temperatura,22.0,{},2024-01-31T23:46:54.311733+00:00,2024-01-31T23:46:54.311733+00:00
415,sensor.hvac_01_temperatura,21.9,{},2024-02-01T00:15:50.449013+00:00,2024-02-01T00:15:50.449013+00:00
416,sensor.hvac_01_temperatura,22.0,{},2024-02-01T00:45:56.324354+00:00,2024-02-01T00:45:56.324354+00:00
417,sensor.hvac_01_temperatura,21.9,{},2024-02-01T01:18:43.381335+00:00,2024-02-01T01:18:43.381335+00:00
418,sensor.hvac_01_temperatura,22.0,{},2024-02-01T01:40:48.065921+00:00,2024-02-01T01:40:48.065921+00:00
419,sensor.hvac_01_temperatura,21.9,{},2024-02-01T01:47:40.097822+00:00,2024-02-01T01:47:40.097822+00:00
420,sensor.hvac_01_temperatura,22.0,{},2024-02-01T02:23:16.620776+00:00,2024-02-01T02:23:16.620776+00:00
421,sensor.hvac_01_temperatura,21.9,{},2024-02-01T02:37:59.723682+00:00,2024-02-01T02:37:59.723682+00:00
422,sensor.hvac_01_temperatura,22.0,{},2024-02-01T02:49:32.610260+00:00,2024-02-01T02:49:32.610260+00:00
423,sensor.hvac_01_temperatura,21.9,{},2024-02-01T03:08:06.132014+00:00,2024-02-01T03:08:06.132014+00:00
424,sensor.hvac_01_temperatura,22.0,{},2024-02-01T03:21:58.772588+00:00,2024-02-01T03:21:58.772588+00:00
425,sensor.hvac_01_temperatura,21.9,{},2024-02-01T03:43:43.756644+00:00,2024-02-01T03:43:43.756644+00:00
426,sensor.hvac_01_temperatura,22.0,{},2024-02-01T04:07:48.330423+00:00,2024-02-01T04:07:48.330423+00:00
427,sensor.hvac_01_temperatura,21.9,{},2024-02-01T04:20:20.792214+00:00,2024-02-01T04:20:20.792214+00:00
428,sensor.hvac_01_temperatura,22.0,{},2024-02-01T04:38:35.137668+00:00,2024-02-01T04:38:35.137668+00:00
429,sensor.hvac_01_temperatura,21.9,{},2024-02-01T04:41:35.886777+00:00,2024-02-01T04:41:35.886777+00:00
430,sensor.hvac_01_temperatura,22.0,{},2024-02-01T05:02:30.005364+00:00,2024-02-01T05:02:30.005364+00:00
431,sensor.hvac_01_temperatura,21.9,{},2024-02-01T05:19:43.306751+00:00,2024-02-01T05:19:43.306751+00:00
432,sensor.hvac_01_temperatura,22.0,{},2024-02-01T05:57:10.991011+00:00,2024-02-01T05:57:10.991011+00:00
433,sensor.hvac_01_temperatura,22.1,{},2024-02-01T07:58:44.459503+00:00,2024-02-01T07:58:44.459503+00:00
434,sensor.hvac_01_temperatura,22.0,{},2024-02-01T09:14:30.213411+00:00,2024-02-01T09:14:30.213411+00:00
435,sensor.hvac_01_temperatura,22.1,{},2024-02-01T09:59:09.464907+00:00,2024-02-01T09:59:09.464907+00:00
436,sensor.hvac_01_temperatura,22.0,{},2024-02-01T10:01:40.137269+00:00,2024-02-01T10:01:40.137269+00:00
437,sensor.hvac_01_temperatura,22.1,{},2024-02-01T10:11:32.312314+00:00,2024-02-01T10:11:32.312314+00:00
438,sensor.hvac_01_temperatura,22.0,{},2024-02-01T10:17:53.893430+00:00,2024-02-01T10:17:53.893430+00:00
439,sensor.hvac_01_temperatura,22.1,{},2024-02-01T10:39:08.122929+00:00,2024-02-01T10:39:08.122929+00:00
440,sensor.hvac_01_temperatura,22.0,{},2024-02-01T10:39:38.429458+00:00,2024-02-01T10:39:38.429458+00:00
441,sensor.hvac_01_temperatura,22.1,{},2024-02-01T10:44:29.489724+00:00,2024-02-01T10:44:29.489724+00:00
442,sensor.hvac_01_temperatura,22.0,{},2024-02-01T10:50:20.866091+00:00,2024-02-01T10:50:20.866091+00:00
443,sensor.hvac_01_temperatura,22.1,{},2024-02-01T11:13:15.979675+00:00,2024-02-01T11:13:15.979675+00:00
444,sensor.hvac_01_temperatura,22.0,{},2024-02-01T11:13:26.242610+00:00,2024-02-01T11:13:26.242610+00:00
445,sensor.hvac_01_temperatura,22.1,{},2024-02-01T11:59:35.943267+00:00,2024-02-01T11:59:35.943267+00:00
446,sensor.hvac_01_temperatura,22.2,{},2024-02-01T16:11:46.299422+00:00,2024-02-01T16:11:46.299422+00:00
447,sensor.hvac_01_temperatura,22.1,{},2024-02-01T16:47:03.824408+00:00,2024-02-01T16:47:03.824408+00:00
448,sensor.hvac_01_temperatura,22.2,{},2024-02-01T16:47:24.116262+00:00,2024-02-01T16:47:24.116262+00:00
449,sensor.hvac_01_temperatura,22.1,{},2024-02-01T16:47:44.402911+00:00,2024-02-01T16:47:44.402911+00:00
450,sensor.hvac_01_temperatura,22.2,{},2024-02-01T16:48:54.816079+00:00,2024-02-01T16:48:54.816079+00:00
451,sensor.hvac_01_temperatura,22.1,{},2024-02-01T16:56:37.325866+00:00,2024-02-01T16:56:37.325866+00:00
452,sensor.hvac_01_temperatura,22.2,{},2024-02-01T17:09:00.456637+00:00,2024-02-01T17:09:00.456637+00:00
453,sensor.hvac_01_temperatura,22.1,{},2024-02-01T17:17:52.376318+00:00,2024-02-01T17:17:52.376318+00:00
454,sensor.hvac_01_temperatura,22.2,{},2024-02-01T18:11:52.695067+00:00,2024-02-01T18:11:52.695067+00:00
455,sensor.hvac_01_temperatura,22.1,{},2024-02-01T19:07:44.824026+00:00,2024-02-01T19:07:44.824026+00:00
456,sensor.hvac_01_temperatura,22.2,{},2024-02-01T20:04:25.457802+00:00,2024-02-01T20:04:25.457802+00:00
457,sensor.hvac_01_temperatura,22.1,{},2024-02-01T20:13:18.130644+00:00,2024-02-01T20:13:18.130644+00:00
458,sensor.hvac_01_temperatura,22.2,{},2024-02-01T20:18:59.621342+00:00,2024-02-01T20:18:59.621342+00:00
459,sensor.hvac_01_temperatura,22.3,{},2024-02-01T20:22:00.596672+00:00,2024-02-01T20:22:00.596672+00:00
460,sensor.hvac_01_temperatura,22.4,{},2024-02-01T20:27:02.395960+00:00,2024-02-01T20:27:02.395960+00:00
461,sensor.hvac_01_temperatura,22.2,{},2024-02-01T20:46:26.729680+00:00,2024-02-01T20:46:26.729680+00:00
462,sensor.hvac_01_temperatura,22.3,{},2024-02-01T21:01:00.377762+00:00,2024-02-01T21:01:00.377762+00:00
463,sensor.hvac_01_temperatura,22.4,{},2024-02-01T21:06:41.870560+00:00,2024-02-01T21:06:41.870560+00:00
464,sensor.hvac_01_temperatura,22.6,{},2024-02-01T21:17:04.310460+00:00,2024-02-01T21:17:04.310460+00:00
465,sensor.hvac_01_temperatura,22.7,{},2024-02-01T21:24:36.102987+00:00,2024-02-01T21:24:36.102987+00:00
466,sensor.hvac_01_temperatura,22.6,{},2024-02-01T21:25:16.683684+00:00,2024-02-01T21:25:16.683684+00:00
467,sensor.hvac_01_temperatura,22.5,{},2024-02-01T21:28:17.683091+00:00,2024-02-01T21:28:17.683091+00:00
468,sensor.hvac_01_temperatura,22.4,{},2024-02-01T21:56:13.069542+00:00,2024-02-01T21:56:13.069542+00:00
469,sensor.hvac_01_temperatura,22.2,{},2024-02-01T22:31:30.276380+00:00,2024-02-01T22:31:30.276380+00:00
470,sensor.hvac_01_temperatura,22.3,{},2024-02-01T22:32:10.631148+00:00,2024-02-01T22:32:10.631148+00:00
471,sensor.hvac_01_temperatura,22.2,{},2024-02-01T22:46:43.468175+00:00,2024-02-01T22:46:43.468175+00:00
472,sensor.hvac_01_temperatura,22.3,{},2024-02-01T22:49:04.924828+00:00,2024-02-01T22:49:04.924828+00:00
473,sensor.hvac_01_temperatura,22.2,{},2024-02-01T23:33:33.504661+00:00,2024-02-01T23:33:33.504661+00:00
474,sensor.hvac_01_temperatura,22.1,{},2024-02-02T01:28:36.622822+00:00,2024-02-02T01:28:36.622822+00:00
475,sensor.hvac_01_temperatura,22.2,{},2024-02-02T04:32:23.393272+00:00,2024-02-02T04:32:23.393272+00:00
476,sensor.hvac_01_temperatura,22.1,{},2024-02-02T08:30:31.302746+00:00,2024-02-02T08:30:31.302746+00:00
477,sensor.hvac_01_temperatura,22.2,{},2024-02-02T08:32:51.965666+00:00,2024-02-02T08:32:51.965666+00:00
478,sensor.hvac_01_temperatura,22.3,{},2024-02-02T10:51:30.445221+00:00,2024-02-02T10:51:30.445221+00:00
479,sensor.hvac_01_temperatura,22.2,{},2024-02-02T11:17:05.181159+00:00,2024-02-02T11:17:05.181159+00:00
480,sensor.hvac_01_temperatura,22.3,{},2024-02-02T12:46:53.962695+00:00,2024-02-02T12:46:53.962695+00:00
481,sensor.hvac_01_temperatura,22.2,{},2024-02-02T13:13:59.056406+00:00,2024-02-02T13:13:59.056406+00:00
482,sensor.hvac_01_temperatura,22.3,{},2024-02-02T13:31:33.408564+00:00,2024-02-02T13:31:33.408564+00:00
483,sensor.hvac_01_temperatura,22.2,{},2024-02-02T14:06:29.839500+00:00,2024-02-02T14:06:29.839500+00:00
484,sensor.hvac_01_temperatura,22.3,{},2024-02-02T14:11:21.476957+00:00,2024-02-02T14:11:21.476957+00:00
485,sensor.hvac_01_temperatura,22.2,{},2024-02-02T16:52:43.974860+00:00,2024-02-02T16:52:43.974860+00:00
486,sensor.hvac_01_temperatura,22.3,{},2024-02-02T16:56:04.874516+00:00,2024-02-02T16:56:04.874516+00:00
487,sensor.hvac_01_temperatura,22.2,{},2024-02-02T17:18:29.835579+00:00,2024-02-02T17:18:29.835579+00:00
488,sensor.hvac_01_temperatura,22.3,{},2024-02-02T17:34:22.872058+00:00,2024-02-02T17:34:22.872058+00:00
489,sensor.hvac_01_temperatura,22.4,{},2024-02-02T18:57:20.809062+00:00,2024-02-02T18:57:20.809062+00:00
490,sensor.hvac_01_temperatura,22.3,{},2024-02-02T19:08:43.018072+00:00,2024-02-02T19:08:43.018072+00:00
491,sensor.hvac_01_temperatura,22.4,{},2024-02-02T19:33:17.529014+00:00,2024-02-02T19:33:17.529014+00:00
492,sensor.hvac_01_temperatura,22.3,{},2024-02-02T19:36:48.629303+00:00,2024-02-02T19:36:48.629303+00:00
493,sensor.hvac_01_temperatura,22.4,{},2024-02-02T19:40:59.702088+00:00,2024-02-02T19:40:59.702088+00:00
494,sensor.hvac_01_temperatura,22.3,{},2024-02-02T19:58:43.506920+00:00,2024-02-02T19:58:43.506920+00:00
495,sensor.hvac_01_temperatura,22.4,{},2024-02-02T20:21:47.735043+00:00,2024-02-02T20:21:47.735043+00:00
496,sensor.hvac_01_temperatura,22.5,{},2024-02-02T20:49:24.117462+00:00,2024-02-02T20:49:24.117462+00:00
497,sensor.hvac_01_temperatura,22.6,{},2024-02-02T20:52:45.429125+00:00,2024-02-02T20:52:45.429125+00:00
498,sensor.hvac_01_temperatura,22.7,{},2024-02-02T20:59:27.973745+00:00,2024-02-02T20:59:27.973745+00:00
499,sensor.hvac_01_temperatura,22.8,{},2024-02-02T21:06:39.473518+00:00,2024-02-02T21:06:39.473518+00:00
500,sensor.hvac_01_temperatura,22.7,{},2024-02-02T21:15:31.940328+00:00,2024-02-02T21:15:31.940328+00:00
501,sensor.hvac_01_temperatura,22.5,{},2024-02-02T21:39:46.522745+00:00,2024-02-02T21:39:46.522745+00:00
502,sensor.hvac_01_temperatura,22.4,{},2024-02-02T21:52:19.504408+00:00,2024-02-02T21:52:19.504408+00:00
503,sensor.hvac_01_temperatura,22.5,{},2024-02-02T22:43:40.457146+00:00,2024-02-02T22:43:40.457146+00:00
504,sensor.hvac_01_temperatura,22.4,{},2024-02-02T22:47:21.311065+00:00,2024-02-02T22:47:21.311065+00:00
505,sensor.hvac_01_temperatura,22.5,{},2024-02-03T06:37:59.046243+00:00,2024-02-03T06:37:59.046243+00:00
506,sensor.hvac_01_temperatura,22.4,{},2024-02-03T06:48:11.305879+00:00,2024-02-03T06:48:11.305879+00:00
507,sensor.hvac_01_temperatura,22.5,{},2024-02-03T07:15:27.489349+00:00,2024-02-03T07:15:27.489349+00:00
508,sensor.hvac_01_temperatura,22.4,{},2024-02-03T09:03:59.284178+00:00,2024-02-03T09:03:59.284178+00:00
509,sensor.hvac_01_temperatura,22.5,{},2024-02-03T09:30:04.149583+00:00,2024-02-03T09:30:04.149583+00:00
510,sensor.hvac_01_temperatura,22.6,{},2024-02-03T12:53:48.622221+00:00,2024-02-03T12:53:48.622221+00:00
511,sensor.hvac_01_temperatura,22.5,{},2024-02-03T13:13:02.690331+00:00,2024-02-03T13:13:02.690331+00:00
512,sensor.hvac_01_temperatura,22.6,{},2024-02-03T13:28:46.205850+00:00,2024-02-03T13:28:46.205850+00:00
513,sensor.hvac_01_temperatura,22.5,{},2024-02-03T13:29:46.603259+00:00,2024-02-03T13:29:46.603259+00:00
514,sensor.hvac_01_temperatura,22.6,{},2024-02-03T13:39:48.810395+00:00,2024-02-03T13:39:48.810395+00:00
515,sensor.hvac_01_temperatura,22.5,{},2024-02-03T13:48:00.475842+00:00,2024-02-03T13:48:00.475842+00:00
516,sensor.hvac_01_temperatura,22.4,{},2024-02-03T16:24:42.896715+00:00,2024-02-03T16:24:42.896715+00:00
517,sensor.hvac_01_temperatura,22.5,{},2024-02-03T16:26:53.525672+00:00,2024-02-03T16:26:53.525672+00:00
518,sensor.hvac_01_temperatura,22.4,{},2024-02-03T17:10:22.599329+00:00,2024-02-03T17:10:22.599329+00:00
519,sensor.hvac_01_temperatura,22.5,{},2024-02-03T17:37:47.651632+00:00,2024-02-03T17:37:47.651632+00:00
520,sensor.hvac_01_temperatura,22.4,{},2024-02-03T17:52:41.243809+00:00,2024-02-03T17:52:41.243809+00:00
521,sensor.hvac_01_temperatura,22.5,{},2024-02-03T18:30:18.387370+00:00,2024-02-03T18:30:18.387370+00:00
522,sensor.hvac_01_temperatura,22.4,{},2024-02-03T18:43:41.755351+00:00,2024-02-03T18:43:41.755351+00:00
523,sensor.hvac_01_temperatura,22.5,{},2024-02-03T18:50:33.420305+00:00,2024-02-03T18:50:33.420305+00:00
524,sensor.hvac_01_temperatura,22.4,{},2024-02-03T19:35:42.404050+00:00,2024-02-03T19:35:42.404050+00:00
525,sensor.hvac_01_temperatura,22.6,{},2024-02-03T19:39:43.333725+00:00,2024-02-03T19:39:43.333725+00:00
526,sensor.hvac_01_temperatura,22.7,{},2024-02-03T19:47:55.894948+00:00,2024-02-03T19:47:55.894948+00:00
527,sensor.hvac_01_temperatura,22.8,{},2024-02-03T20:01:48.784996+00:00,2024-02-03T20:01:48.784996+00:00
528,sensor.hvac_01_temperatura,22.9,{},2024-02-03T20:11:00.612044+00:00,2024-02-03T20:11:00.612044+00:00
529,sensor.hvac_01_temperatura,22.8,{},2024-02-03T20:13:21.728718+00:00,2024-02-03T20:13:21.728718+00:00
530,sensor.hvac_01_temperatura,22.6,{},2024-02-03T20:32:56.305770+00:00,2024-02-03T20:32:56.305770+00:00
531,sensor.hvac_01_temperatura,22.5,{},2024-02-03T21:13:54.277256+00:00,2024-02-03T21:13:54.277256+00:00
532,sensor.hvac_01_temperatura,22.6,{},2024-02-03T21:14:44.720582+00:00,2024-02-03T21:14:44.720582+00:00
533,sensor.hvac_01_temperatura,22.5,{},2024-02-03T21:49:32.009450+00:00,2024-02-03T21:49:32.009450+00:00
534,sensor.hvac_01_temperatura,22.4,{},2024-02-03T23:58:27.882519+00:00,2024-02-03T23:58:27.882519+00:00
535,sensor.hvac_01_temperatura,22.5,{},2024-02-04T07:22:15.519626+00:00,2024-02-04T07:22:15.519626+00:00
536,sensor.hvac_01_temperatura,22.6,{},2024-02-04T09:55:34.901222+00:00,2024-02-04T09:55:34.901222+00:00
537,sensor.hvac_01_temperatura,22.5,{},2024-02-04T10:43:04.597704+00:00,2024-02-04T10:43:04.597704+00:00
538,sensor.hvac_01_temperatura,22.6,{},2024-02-04T11:32:15.478231+00:00,2024-02-04T11:32:15.478231+00:00
539,sensor.hvac_01_temperatura,22.5,{},2024-02-04T11:33:25.910426+00:00,2024-02-04T11:33:25.910426+00:00
540,sensor.hvac_01_temperatura,22.4,{},2024-02-04T12:12:34.554996+00:00,2024-02-04T12:12:34.554996+00:00
541,sensor.hvac_01_temperatura,22.5,{},2024-02-04T13:01:35.174942+00:00,2024-02-04T13:01:35.174942+00:00
542,sensor.hvac_01_temperatura,22.4,{},2024-02-04T13:16:17.943338+00:00,2024-02-04T13:16:17.943338+00:00
543,sensor.hvac_01_temperatura,22.3,{},2024-02-04T14:45:05.072265+00:00,2024-02-04T14:45:05.072265+00:00
544,sensor.hvac_01_temperatura,22.4,{},2024-02-04T15:04:29.220598+00:00,2024-02-04T15:04:29.220598+00:00
545,sensor.hvac_01_temperatura,22.3,{},2024-02-04T15:10:30.516138+00:00,2024-02-04T15:10:30.516138+00:00
546,sensor.hvac_01_temperatura,22.4,{},2024-02-04T15:20:32.711178+00:00,2024-02-04T15:20:32.711178+00:00
547,sensor.hvac_01_temperatura,22.3,{},2024-02-04T15:23:33.479874+00:00,2024-02-04T15:23:33.479874+00:00
548,sensor.hvac_01_temperatura,22.4,{},2024-02-04T16:45:51.418855+00:00,2024-02-04T16:45:51.418855+00:00
549,sensor.hvac_01_temperatura,22.3,{},2024-02-04T16:46:31.772477+00:00,2024-02-04T16:46:31.772477+00:00
550,sensor.hvac_01_temperatura,22.4,{},2024-02-04T16:59:34.553406+00:00,2024-02-04T16:59:34.553406+00:00
551,sensor.hvac_01_temperatura,22.3,{},2024-02-04T17:04:45.700886+00:00,2024-02-04T17:04:45.700886+00:00
552,sensor.hvac_01_temperatura,22.2,{},2024-02-04T19:17:33.969932+00:00,2024-02-04T19:17:33.969932+00:00
553,sensor.hvac_01_temperatura,22.3,{},2024-02-04T19:22:25.030821+00:00,2024-02-04T19:22:25.030821+00:00
554,sensor.hvac_01_temperatura,22.2,{},2024-02-04T19:22:45.329999+00:00,2024-02-04T19:22:45.329999+00:00
555,sensor.hvac_01_temperatura,22.3,{},2024-02-04T19:35:17.843057+00:00,2024-02-04T19:35:17.843057+00:00
556,sensor.hvac_01_temperatura,22.2,{},2024-02-04T20:15:45.730846+00:00,2024-02-04T20:15:45.730846+00:00
557,sensor.hvac_01_temperatura,22.3,{},2024-02-04T20:42:52.750647+00:00,2024-02-04T20:42:52.750647+00:00
558,sensor.hvac_01_temperatura,22.2,{},2024-02-04T20:56:55.425119+00:00,2024-02-04T20:56:55.425119+00:00
559,sensor.hvac_01_temperatura,22.3,{},2024-02-04T20:57:25.747843+00:00,2024-02-04T20:57:25.747843+00:00
560,sensor.hvac_01_temperatura,22.2,{},2024-02-04T21:14:29.164750+00:00,2024-02-04T21:14:29.164750+00:00
561,sensor.hvac_01_temperatura,22.1,{},2024-02-04T22:53:39.366296+00:00,2024-02-04T22:53:39.366296+00:00
562,sensor.hvac_01_temperatura,22.2,{},2024-02-04T23:17:54.352353+00:00,2024-02-04T23:17:54.352353+00:00
563,sensor.hvac_01_temperatura,22.1,{},2024-02-05T00:00:02.911904+00:00,2024-02-05T00:00:02.911904+00:00
564,sensor.hvac_01_temperatura,22.2,{},2024-02-05T00:35:10.093733+00:00,2024-02-05T00:35:10.093733+00:00
565,sensor.hvac_01_temperatura,22.1,{},2024-02-05T01:04:56.444223+00:00,2024-02-05T01:04:56.444223+00:00
566,sensor.hvac_01_temperatura,22.2,{},2024-02-05T01:31:01.264150+00:00,2024-02-05T01:31:01.264150+00:00
567,sensor.hvac_01_temperatura,22.1,{},2024-02-05T01:49:34.718540+00:00,2024-02-05T01:49:34.718540+00:00
568,sensor.hvac_01_temperatura,22.2,{},2024-02-05T01:54:45.963331+00:00,2024-02-05T01:54:45.963331+00:00
569,sensor.hvac_01_temperatura,22.1,{},2024-02-05T02:34:23.929162+00:00,2024-02-05T02:34:23.929162+00:00
570,sensor.hvac_01_temperatura,22.2,{},2024-02-05T02:40:15.212498+00:00,2024-02-05T02:40:15.212498+00:00
571,sensor.hvac_01_temperatura,22.1,{},2024-02-05T02:41:55.726482+00:00,2024-02-05T02:41:55.726482+00:00
572,sensor.hvac_01_temperatura,22.2,{},2024-02-05T02:42:36.117143+00:00,2024-02-05T02:42:36.117143+00:00
573,sensor.hvac_01_temperatura,22.1,{},2024-02-05T02:49:27.596100+00:00,2024-02-05T02:49:27.596100+00:00
574,sensor.hvac_01_temperatura,22.2,{},2024-02-05T03:03:01.214385+00:00,2024-02-05T03:03:01.214385+00:00
575,sensor.hvac_01_temperatura,22.1,{},2024-02-05T03:09:52.646618+00:00,2024-02-05T03:09:52.646618+00:00
576,sensor.hvac_01_temperatura,22.2,{},2024-02-05T03:38:08.328255+00:00,2024-02-05T03:38:08.328255+00:00
577,sensor.hvac_01_temperatura,22.1,{},2024-02-05T03:48:10.432362+00:00,2024-02-05T03:48:10.432362+00:00
578,sensor.hvac_01_temperatura,22.2,{},2024-02-05T04:20:27.567764+00:00,2024-02-05T04:20:27.567764+00:00
579,sensor.hvac_01_temperatura,22.1,{},2024-02-05T04:47:03.347683+00:00,2024-02-05T04:47:03.347683+00:00
580,sensor.hvac_01_temperatura,22.2,{},2024-02-05T05:27:00.835232+00:00,2024-02-05T05:27:00.835232+00:00
581,sensor.hvac_01_temperatura,22.1,{},2024-02-05T05:40:43.555425+00:00,2024-02-05T05:40:43.555425+00:00
582,sensor.hvac_01_temperatura,22.2,{},2024-02-05T06:16:10.635514+00:00,2024-02-05T06:16:10.635514+00:00
583,sensor.hvac_01_temperatura,22.1,{},2024-02-05T06:32:24.301602+00:00,2024-02-05T06:32:24.301602+00:00
584,sensor.hvac_01_temperatura,22.2,{},2024-02-05T06:45:27.410517+00:00,2024-02-05T06:45:27.410517+00:00
585,sensor.hvac_01_temperatura,22.3,{},2024-02-05T07:55:52.564802+00:00,2024-02-05T07:55:52.564802+00:00
586,sensor.hvac_01_temperatura,22.2,{},2024-02-05T07:57:33.540380+00:00,2024-02-05T07:57:33.540380+00:00
587,sensor.hvac_01_temperatura,22.3,{},2024-02-05T07:57:43.797117+00:00,2024-02-05T07:57:43.797117+00:00
588,sensor.hvac_01_temperatura,22.4,{},2024-02-05T09:52:58.006240+00:00,2024-02-05T09:52:58.006240+00:00
589,sensor.hvac_01_temperatura,22.3,{},2024-02-05T10:02:39.966750+00:00,2024-02-05T10:02:39.966750+00:00
590,sensor.hvac_01_temperatura,22.4,{},2024-02-05T10:55:30.636623+00:00,2024-02-05T10:55:30.636623+00:00
591,sensor.hvac_01_temperatura,22.3,{},2024-02-05T11:12:53.960182+00:00,2024-02-05T11:12:53.960182+00:00
592,sensor.hvac_01_temperatura,22.4,{},2024-02-05T11:33:38.609458+00:00,2024-02-05T11:33:38.609458+00:00
593,sensor.hvac_01_temperatura,22.3,{},2024-02-05T11:36:49.401597+00:00,2024-02-05T11:36:49.401597+00:00
594,sensor.hvac_01_temperatura,22.4,{},2024-02-05T12:56:34.834393+00:00,2024-02-05T12:56:34.834393+00:00
595,sensor.hvac_01_temperatura,22.3,{},2024-02-05T13:58:17.235472+00:00,2024-02-05T13:58:17.235472+00:00
596,sensor.hvac_01_temperatura,22.4,{},2024-02-05T14:05:49.884100+00:00,2024-02-05T14:05:49.884100+00:00
597,sensor.hvac_01_temperatura,22.3,{},2024-02-05T15:24:34.645062+00:00,2024-02-05T15:24:34.645062+00:00
598,sensor.hvac_01_temperatura,22.4,{},2024-02-05T15:24:54.931768+00:00,2024-02-05T15:24:54.931768+00:00
599,sensor.hvac_01_temperatura,22.5,{},2024-02-05T20:52:03.680669+00:00,2024-02-05T20:52:03.680669+00:00
600,sensor.hvac_01_temperatura,22.6,{},2024-02-05T21:03:16.319631+00:00,2024-02-05T21:03:16.319631+00:00
601,sensor.hvac_01_temperatura,22.7,{},2024-02-05T21:05:57.034750+00:00,2024-02-05T21:05:57.034750+00:00
602,sensor.hvac_01_temperatura,22.6,{},2024-02-05T21:24:02.896050+00:00,2024-02-05T21:24:02.896050+00:00
603,sensor.hvac_01_temperatura,22.5,{},2024-02-05T22:01:40.162079+00:00,2024-02-05T22:01:40.162079+00:00
604,sensor.hvac_01_temperatura,22.4,{},2024-02-05T23:13:44.626000+00:00,2024-02-05T23:13:44.626000+00:00
605,sensor.hvac_01_temperatura,22.5,{},2024-02-05T23:20:27.574628+00:00,2024-02-05T23:20:27.574628+00:00
606,sensor.hvac_01_temperatura,22.4,{},2024-02-05T23:33:30.302122+00:00,2024-02-05T23:33:30.302122+00:00
607,sensor.hvac_01_temperatura,22.5,{},2024-02-05T23:34:50.764670+00:00,2024-02-05T23:34:50.764670+00:00
608,sensor.hvac_01_temperatura,22.4,{},2024-02-05T23:38:31.619384+00:00,2024-02-05T23:38:31.619384+00:00
609,sensor.hvac_01_temperatura,22.5,{},2024-02-05T23:45:13.731476+00:00,2024-02-05T23:45:13.731476+00:00
610,sensor.hvac_01_temperatura,22.4,{},2024-02-05T23:52:45.281958+00:00,2024-02-05T23:52:45.281958+00:00
611,sensor.hvac_01_temperatura,22.5,{},2024-02-06T00:16:51.698325+00:00,2024-02-06T00:16:51.698325+00:00
612,sensor.hvac_01_temperatura,22.4,{},2024-02-06T00:46:37.122498+00:00,2024-02-06T00:46:37.122498+00:00
613,sensor.hvac_01_temperatura,22.5,{},2024-02-06T01:06:41.528861+00:00,2024-02-06T01:06:41.528861+00:00
614,sensor.hvac_01_temperatura,22.4,{},2024-02-06T01:06:51.789434+00:00,2024-02-06T01:06:51.789434+00:00
615,sensor.hvac_01_temperatura,22.5,{},2024-02-06T02:05:35.162497+00:00,2024-02-06T02:05:35.162497+00:00
616,sensor.hvac_01_temperatura,22.4,{},2024-02-06T02:07:15.673743+00:00,2024-02-06T02:07:15.673743+00:00
617,sensor.hvac_01_temperatura,22.5,{},2024-02-06T03:56:37.044993+00:00,2024-02-06T03:56:37.044993+00:00
618,sensor.hvac_01_temperatura,22.4,{},2024-02-06T04:08:40.171277+00:00,2024-02-06T04:08:40.171277+00:00
619,sensor.hvac_01_temperatura,22.5,{},2024-02-06T04:14:11.583059+00:00,2024-02-06T04:14:11.583059+00:00
620,sensor.hvac_01_temperatura,22.4,{},2024-02-06T04:18:22.553738+00:00,2024-02-06T04:18:22.553738+00:00
621,sensor.hvac_01_temperatura,22.5,{},2024-02-06T04:29:14.646924+00:00,2024-02-06T04:29:14.646924+00:00
622,sensor.hvac_01_temperatura,22.4,{},2024-02-06T04:32:25.419757+00:00,2024-02-06T04:32:25.419757+00:00
623,sensor.hvac_01_temperatura,22.5,{},2024-02-06T04:36:26.586301+00:00,2024-02-06T04:36:26.586301+00:00
624,sensor.hvac_01_temperatura,22.4,{},2024-02-06T04:52:59.749145+00:00,2024-02-06T04:52:59.749145+00:00
625,sensor.hvac_01_temperatura,22.5,{},2024-02-06T04:55:00.931450+00:00,2024-02-06T04:55:00.931450+00:00
626,sensor.hvac_01_temperatura,22.4,{},2024-02-06T05:03:52.694587+00:00,2024-02-06T05:03:52.694587+00:00
627,sensor.hvac_01_temperatura,22.5,{},2024-02-06T05:09:33.938595+00:00,2024-02-06T05:09:33.938595+00:00
628,sensor.hvac_01_temperatura,22.4,{},2024-02-06T05:45:10.485043+00:00,2024-02-06T05:45:10.485043+00:00
629,sensor.hvac_01_temperatura,22.5,{},2024-02-06T06:31:39.425116+00:00,2024-02-06T06:31:39.425116+00:00
630,sensor.hvac_01_temperatura,22.4,{},2024-02-06T06:42:41.669997+00:00,2024-02-06T06:42:41.669997+00:00
631,sensor.hvac_01_temperatura,22.4,{},2024-02-06T07:09:26.702621+00:00,2024-02-06T07:09:26.702621+00:00
632,sensor.hvac_01_temperatura,22.5,{},2024-02-06T07:27:20.741334+00:00,2024-02-06T07:27:20.741334+00:00
633,sensor.hvac_01_temperatura,22.5,{},2024-02-06T07:34:18.290101+00:00,2024-02-06T07:34:18.290101+00:00
634,sensor.hvac_01_temperatura,22.4,{},2024-02-06T07:58:07.666753+00:00,2024-02-06T07:58:07.666753+00:00
635,sensor.hvac_01_temperatura,22.5,{},2024-02-06T08:02:58.735605+00:00,2024-02-06T08:02:58.735605+00:00
636,sensor.hvac_01_temperatura,22.4,{},2024-02-06T08:33:14.262658+00:00,2024-02-06T08:33:14.262658+00:00
637,sensor.hvac_01_temperatura,22.5,{},2024-02-06T20:32:39.891576+00:00,2024-02-06T20:32:39.891576+00:00
638,sensor.hvac_01_temperatura,22.4,{},2024-02-06T20:33:11.288036+00:00,2024-02-06T20:33:11.288036+00:00
639,sensor.hvac_01_temperatura,22.5,{},2024-02-06T20:34:42.362346+00:00,2024-02-06T20:34:42.362346+00:00
640,sensor.hvac_01_temperatura,22.6,{},2024-02-06T20:37:13.029177+00:00,2024-02-06T20:37:13.029177+00:00
641,sensor.hvac_01_temperatura,22.7,{},2024-02-06T20:45:34.919183+00:00,2024-02-06T20:45:34.919183+00:00
642,sensor.hvac_01_temperatura,22.6,{},2024-02-06T21:10:30.243683+00:00,2024-02-06T21:10:30.243683+00:00
643,sensor.hvac_01_temperatura,22.5,{},2024-02-06T21:17:02.061686+00:00,2024-02-06T21:17:02.061686+00:00
644,sensor.hvac_01_temperatura,22.6,{},2024-02-06T21:21:13.268026+00:00,2024-02-06T21:21:13.268026+00:00
645,sensor.hvac_01_temperatura,22.7,{},2024-02-06T21:26:24.678881+00:00,2024-02-06T21:26:24.678881+00:00
646,sensor.hvac_01_temperatura,22.8,{},2024-02-06T21:30:26.930277+00:00,2024-02-06T21:30:26.930277+00:00
647,sensor.hvac_01_temperatura,22.6,{},2024-02-06T21:35:18.008021+00:00,2024-02-06T21:35:18.008021+00:00
648,sensor.hvac_01_temperatura,22.5,{},2024-02-06T22:29:09.015268+00:00,2024-02-06T22:29:09.015268+00:00
649,sensor.hvac_01_temperatura,22.4,{},2024-02-06T23:13:07.612163+00:00,2024-02-06T23:13:07.612163+00:00
650,sensor.hvac_01_temperatura,22.5,{},2024-02-06T23:36:12.678428+00:00,2024-02-06T23:36:12.678428+00:00
651,sensor.hvac_01_temperatura,22.4,{},2024-02-06T23:59:27.909941+00:00,2024-02-06T23:59:27.909941+00:00
652,sensor.hvac_01_temperatura,22.5,{},2024-02-07T09:08:23.257225+00:00,2024-02-07T09:08:23.257225+00:00
653,sensor.hvac_01_temperatura,22.4,{},2024-02-07T09:33:48.473447+00:00,2024-02-07T09:33:48.473447+00:00
654,sensor.hvac_01_temperatura,22.5,{},2024-02-07T09:35:49.037080+00:00,2024-02-07T09:35:49.037080+00:00
655,sensor.hvac_01_temperatura,22.4,{},2024-02-07T09:59:33.394546+00:00,2024-02-07T09:59:33.394546+00:00
656,sensor.hvac_01_temperatura,22.5,{},2024-02-07T10:03:04.776223+00:00,2024-02-07T10:03:04.776223+00:00
657,sensor.hvac_01_temperatura,22.4,{},2024-02-07T10:42:21.878975+00:00,2024-02-07T10:42:21.878975+00:00
658,sensor.hvac_01_temperatura,22.5,{},2024-02-07T11:53:06.158714+00:00,2024-02-07T11:53:06.158714+00:00
659,sensor.hvac_01_temperatura,22.4,{},2024-02-07T11:59:58.139087+00:00,2024-02-07T11:59:58.139087+00:00
660,sensor.hvac_01_temperatura,22.5,{},2024-02-07T12:59:40.552553+00:00,2024-02-07T12:59:40.552553+00:00
661,sensor.hvac_01_temperatura,22.4,{},2024-02-07T13:27:36.143723+00:00,2024-02-07T13:27:36.143723+00:00
662,sensor.hvac_01_temperatura,22.5,{},2024-02-07T13:40:18.638183+00:00,2024-02-07T13:40:18.638183+00:00
663,sensor.hvac_01_temperatura,22.4,{},2024-02-07T14:35:19.843037+00:00,2024-02-07T14:35:19.843037+00:00
664,sensor.hvac_01_temperatura,22.5,{},2024-02-07T14:57:44.807290+00:00,2024-02-07T14:57:44.807290+00:00
665,sensor.hvac_01_temperatura,22.4,{},2024-02-07T14:58:15.154473+00:00,2024-02-07T14:58:15.154473+00:00
666,sensor.hvac_01_temperatura,22.5,{},2024-02-07T15:53:06.068164+00:00,2024-02-07T15:53:06.068164+00:00
667,sensor.hvac_01_temperatura,22.4,{},2024-02-07T16:32:25.154046+00:00,2024-02-07T16:32:25.154046+00:00
668,sensor.hvac_01_temperatura,22.5,{},2024-02-07T16:33:35.582267+00:00,2024-02-07T16:33:35.582267+00:00
669,sensor.hvac_01_temperatura,22.4,{},2024-02-07T17:10:22.134025+00:00,2024-02-07T17:10:22.134025+00:00
670,sensor.hvac_01_temperatura,22.5,{},2024-02-07T17:20:54.287132+00:00,2024-02-07T17:20:54.287132+00:00
671,sensor.hvac_01_temperatura,22.4,{},2024-02-07T17:35:27.584341+00:00,2024-02-07T17:35:27.584341+00:00
672,sensor.hvac_01_temperatura,22.5,{},2024-02-07T18:03:32.793251+00:00,2024-02-07T18:03:32.793251+00:00
673,sensor.hvac_01_temperatura,22.4,{},2024-02-07T18:27:07.998889+00:00,2024-02-07T18:27:07.998889+00:00
674,sensor.hvac_01_temperatura,22.5,{},2024-02-07T21:34:04.857961+00:00,2024-02-07T21:34:04.857961+00:00
675,sensor.hvac_01_temperatura,22.6,{},2024-02-07T21:39:16.445000+00:00,2024-02-07T21:39:16.445000+00:00
676,sensor.hvac_01_temperatura,22.7,{},2024-02-07T21:43:37.686119+00:00,2024-02-07T21:43:37.686119+00:00
677,sensor.hvac_01_temperatura,22.8,{},2024-02-07T21:49:59.486083+00:00,2024-02-07T21:49:59.486083+00:00
678,sensor.hvac_01_temperatura,22.7,{},2024-02-07T21:50:59.913286+00:00,2024-02-07T21:50:59.913286+00:00
679,sensor.hvac_01_temperatura,22.6,{},2024-02-07T22:04:32.874409+00:00,2024-02-07T22:04:32.874409+00:00
680,sensor.hvac_01_temperatura,22.5,{},2024-02-07T22:20:16.371718+00:00,2024-02-07T22:20:16.371718+00:00
681,sensor.hvac_01_temperatura,22.4,{},2024-02-07T23:03:04.121407+00:00,2024-02-07T23:03:04.121407+00:00
682,sensor.hvac_01_temperatura,22.3,{},2024-02-08T00:41:43.704901+00:00,2024-02-08T00:41:43.704901+00:00
683,sensor.hvac_01_temperatura,22.4,{},2024-02-08T00:42:03.990294+00:00,2024-02-08T00:42:03.990294+00:00
684,sensor.hvac_01_temperatura,22.3,{},2024-02-08T01:41:15.705014+00:00,2024-02-08T01:41:15.705014+00:00
685,sensor.hvac_01_temperatura,22.4,{},2024-02-08T01:57:39.155111+00:00,2024-02-08T01:57:39.155111+00:00
686,sensor.hvac_01_temperatura,22.3,{},2024-02-08T03:45:09.671929+00:00,2024-02-08T03:45:09.671929+00:00
687,sensor.hvac_01_temperatura,22.2,{},2024-02-08T04:59:24.594446+00:00,2024-02-08T04:59:24.594446+00:00
688,sensor.hvac_01_temperatura,22.3,{},2024-02-08T05:02:05.299762+00:00,2024-02-08T05:02:05.299762+00:00
689,sensor.hvac_01_temperatura,22.2,{},2024-02-08T05:13:37.762013+00:00,2024-02-08T05:13:37.762013+00:00
690,sensor.hvac_01_temperatura,22.3,{},2024-02-08T05:40:32.832031+00:00,2024-02-08T05:40:32.832031+00:00
691,sensor.hvac_01_temperatura,22.4,{},2024-02-08T06:31:02.685742+00:00,2024-02-08T06:31:02.685742+00:00
692,sensor.hvac_01_temperatura,22.3,{},2024-02-08T08:40:08.356994+00:00,2024-02-08T08:40:08.356994+00:00
693,sensor.hvac_01_temperatura,22.4,{},2024-02-08T09:19:15.416310+00:00,2024-02-08T09:19:15.416310+00:00
694,sensor.hvac_01_temperatura,22.3,{},2024-02-08T09:23:06.417658+00:00,2024-02-08T09:23:06.417658+00:00
695,sensor.hvac_01_temperatura,22.4,{},2024-02-08T12:35:26.208872+00:00,2024-02-08T12:35:26.208872+00:00
696,sensor.hvac_01_temperatura,22.3,{},2024-02-08T12:57:50.405437+00:00,2024-02-08T12:57:50.405437+00:00
697,sensor.hvac_01_temperatura,22.4,{},2024-02-08T13:17:04.765687+00:00,2024-02-08T13:17:04.765687+00:00
698,sensor.hvac_01_temperatura,22.3,{},2024-02-08T14:43:31.455115+00:00,2024-02-08T14:43:31.455115+00:00
699,sensor.hvac_01_temperatura,22.4,{},2024-02-08T15:34:41.937141+00:00,2024-02-08T15:34:41.937141+00:00
700,sensor.hvac_01_temperatura,22.3,{},2024-02-08T15:59:27.264195+00:00,2024-02-08T15:59:27.264195+00:00
701,sensor.hvac_01_temperatura,22.4,{},2024-02-08T16:34:04.094489+00:00,2024-02-08T16:34:04.094489+00:00
702,sensor.hvac_01_temperatura,22.3,{},2024-02-08T17:25:23.784300+00:00,2024-02-08T17:25:23.784300+00:00
703,sensor.hvac_01_temperatura,22.4,{},2024-02-08T17:30:44.958084+00:00,2024-02-08T17:30:44.958084+00:00
704,sensor.hvac_01_temperatura,22.5,{},2024-02-08T18:01:52.349522+00:00,2024-02-08T18:01:52.349522+00:00
705,sensor.hvac_01_temperatura,22.4,{},2024-02-08T18:24:26.699722+00:00,2024-02-08T18:24:26.699722+00:00
706,sensor.hvac_01_temperatura,22.5,{},2024-02-08T18:28:37.768055+00:00,2024-02-08T18:28:37.768055+00:00
707,sensor.hvac_01_temperatura,22.4,{},2024-02-08T18:43:11.314978+00:00,2024-02-08T18:43:11.314978+00:00
708,sensor.hvac_01_temperatura,22.5,{},2024-02-08T19:14:47.348630+00:00,2024-02-08T19:14:47.348630+00:00
709,sensor.hvac_01_temperatura,22.4,{},2024-02-08T19:39:52.806717+00:00,2024-02-08T19:39:52.806717+00:00
710,sensor.hvac_01_temperatura,22.5,{},2024-02-08T20:38:04.564263+00:00,2024-02-08T20:38:04.564263+00:00
711,sensor.hvac_01_temperatura,22.6,{},2024-02-08T20:41:15.563251+00:00,2024-02-08T20:41:15.563251+00:00
712,sensor.hvac_01_temperatura,22.5,{},2024-02-08T20:41:45.879970+00:00,2024-02-08T20:41:45.879970+00:00
713,sensor.hvac_01_temperatura,22.6,{},2024-02-08T20:54:48.854533+00:00,2024-02-08T20:54:48.854533+00:00
714,sensor.hvac_01_temperatura,22.7,{},2024-02-08T21:05:31.134991+00:00,2024-02-08T21:05:31.134991+00:00
715,sensor.hvac_01_temperatura,22.6,{},2024-02-08T21:11:13.685777+00:00,2024-02-08T21:11:13.685777+00:00
716,sensor.hvac_01_temperatura,22.8,{},2024-02-08T21:38:48.752319+00:00,2024-02-08T21:38:48.752319+00:00
717,sensor.hvac_01_temperatura,22.7,{},2024-02-08T22:01:43.501671+00:00,2024-02-08T22:01:43.501671+00:00
718,sensor.hvac_01_temperatura,22.6,{},2024-02-08T23:00:34.788946+00:00,2024-02-08T23:00:34.788946+00:00
719,sensor.hvac_01_temperatura,22.5,{},2024-02-08T23:08:36.970869+00:00,2024-02-08T23:08:36.970869+00:00
720,sensor.hvac_01_temperatura,22.4,{},2024-02-09T00:51:06.383507+00:00,2024-02-09T00:51:06.383507+00:00
721,sensor.hvac_01_temperatura,22.3,{},2024-02-09T01:42:26.837215+00:00,2024-02-09T01:42:26.837215+00:00
722,sensor.hvac_01_temperatura,22.4,{},2024-02-09T02:50:40.626017+00:00,2024-02-09T02:50:40.626017+00:00
723,sensor.hvac_01_temperatura,22.2,{},2024-02-09T03:28:07.472619+00:00,2024-02-09T03:28:07.472619+00:00
724,sensor.hvac_01_temperatura,22.3,{},2024-02-09T03:30:18.647427+00:00,2024-02-09T03:30:18.647427+00:00
725,sensor.hvac_01_temperatura,22.2,{},2024-02-09T04:25:59.327249+00:00,2024-02-09T04:25:59.327249+00:00
726,sensor.hvac_01_temperatura,22.3,{},2024-02-09T04:27:50.461624+00:00,2024-02-09T04:27:50.461624+00:00
727,sensor.hvac_01_temperatura,22.2,{},2024-02-09T05:17:29.696076+00:00,2024-02-09T05:17:29.696076+00:00
728,sensor.hvac_01_temperatura,22.3,{},2024-02-09T06:45:36.796897+00:00,2024-02-09T06:45:36.796897+00:00
729,sensor.hvac_01_temperatura,22.2,{},2024-02-09T07:41:57.780542+00:00,2024-02-09T07:41:57.780542+00:00
730,sensor.hvac_01_temperatura,22.3,{},2024-02-09T08:58:02.310002+00:00,2024-02-09T08:58:02.310002+00:00
731,sensor.hvac_01_temperatura,22.4,{},2024-02-09T14:07:05.242145+00:00,2024-02-09T14:07:05.242145+00:00
732,sensor.hvac_01_temperatura,22.3,{},2024-02-09T14:07:15.502977+00:00,2024-02-09T14:07:15.502977+00:00
733,sensor.hvac_01_temperatura,22.4,{},2024-02-09T14:51:24.693081+00:00,2024-02-09T14:51:24.693081+00:00
734,sensor.hvac_01_temperatura,22.5,{},2024-02-09T16:12:52.555422+00:00,2024-02-09T16:12:52.555422+00:00
735,sensor.hvac_01_temperatura,22.6,{},2024-02-09T16:19:54.226334+00:00,2024-02-09T16:19:54.226334+00:00
736,sensor.hvac_01_temperatura,22.7,{},2024-02-09T16:51:50.653461+00:00,2024-02-09T16:51:50.653461+00:00
737,sensor.hvac_01_temperatura,22.6,{},2024-02-09T16:53:01.078693+00:00,2024-02-09T16:53:01.078693+00:00
738,sensor.hvac_01_temperatura,22.5,{},2024-02-09T16:57:02.239347+00:00,2024-02-09T16:57:02.239347+00:00
739,sensor.hvac_01_temperatura,22.4,{},2024-02-09T17:20:37.660939+00:00,2024-02-09T17:20:37.660939+00:00
740,sensor.hvac_01_temperatura,22.5,{},2024-02-09T17:48:43.031957+00:00,2024-02-09T17:48:43.031957+00:00
741,sensor.hvac_01_temperatura,22.4,{},2024-02-09T17:49:23.365429+00:00,2024-02-09T17:49:23.365429+00:00
742,sensor.hvac_01_temperatura,22.5,{},2024-02-09T17:59:35.449015+00:00,2024-02-09T17:59:35.449015+00:00
743,sensor.hvac_01_temperatura,22.4,{},2024-02-09T18:54:26.028074+00:00,2024-02-09T18:54:26.028074+00:00
744,sensor.hvac_01_temperatura,22.3,{},2024-02-09T20:43:37.424079+00:00,2024-02-09T20:43:37.424079+00:00
745,sensor.hvac_01_temperatura,22.4,{},2024-02-09T22:12:55.030551+00:00,2024-02-09T22:12:55.030551+00:00
746,sensor.hvac_01_temperatura,22.3,{},2024-02-09T22:37:09.546349+00:00,2024-02-09T22:37:09.546349+00:00
747,sensor.hvac_01_temperatura,22.4,{},2024-02-10T01:07:08.918775+00:00,2024-02-10T01:07:08.918775+00:00
748,sensor.hvac_01_temperatura,22.3,{},2024-02-10T01:25:12.373490+00:00,2024-02-10T01:25:12.373490+00:00
749,sensor.hvac_01_temperatura,22.2,{},2024-02-10T02:36:26.992009+00:00,2024-02-10T02:36:26.992009+00:00
750,sensor.hvac_01_temperatura,22.3,{},2024-02-10T03:19:44.861322+00:00,2024-02-10T03:19:44.861322+00:00
751,sensor.hvac_01_temperatura,22.2,{},2024-02-10T04:52:32.952993+00:00,2024-02-10T04:52:32.952993+00:00
752,sensor.hvac_01_temperatura,22.3,{},2024-02-10T06:07:37.340000+00:00,2024-02-10T06:07:37.340000+00:00
753,sensor.hvac_01_temperatura,22.2,{},2024-02-10T07:06:38.779005+00:00,2024-02-10T07:06:38.779005+00:00
754,sensor.hvac_01_temperatura,22.3,{},2024-02-10T08:02:49.708674+00:00,2024-02-10T08:02:49.708674+00:00
755,sensor.hvac_01_temperatura,22.2,{},2024-02-10T08:25:54.732554+00:00,2024-02-10T08:25:54.732554+00:00
756,sensor.hvac_01_temperatura,22.3,{},2024-02-10T09:00:11.074458+00:00,2024-02-10T09:00:11.074458+00:00
757,sensor.hvac_01_temperatura,22.2,{},2024-02-10T12:15:09.343301+00:00,2024-02-10T12:15:09.343301+00:00
758,sensor.hvac_01_temperatura,22.3,{},2024-02-10T12:28:31.952167+00:00,2024-02-10T12:28:31.952167+00:00
759,sensor.hvac_01_temperatura,22.4,{},2024-02-10T12:32:52.964640+00:00,2024-02-10T12:32:52.964640+00:00
760,sensor.hvac_01_temperatura,22.3,{},2024-02-10T13:03:40.110750+00:00,2024-02-10T13:03:40.110750+00:00
761,sensor.hvac_01_temperatura,22.2,{},2024-02-10T13:36:06.274984+00:00,2024-02-10T13:36:06.274984+00:00
762,sensor.hvac_01_temperatura,22.3,{},2024-02-10T13:51:49.837660+00:00,2024-02-10T13:51:49.837660+00:00
763,sensor.hvac_01_temperatura,22.2,{},2024-02-10T14:24:45.880268+00:00,2024-02-10T14:24:45.880268+00:00
764,sensor.hvac_01_temperatura,22.1,{},2024-02-10T17:59:58.871776+00:00,2024-02-10T17:59:58.871776+00:00
765,sensor.hvac_01_temperatura,22.2,{},2024-02-10T18:22:43.650373+00:00,2024-02-10T18:22:43.650373+00:00
766,sensor.hvac_01_temperatura,22.1,{},2024-02-10T21:06:05.917992+00:00,2024-02-10T21:06:05.917992+00:00
767,sensor.hvac_01_temperatura,22.2,{},2024-02-10T21:41:12.259616+00:00,2024-02-10T21:41:12.259616+00:00
768,sensor.hvac_01_temperatura,22.1,{},2024-02-10T22:49:15.672481+00:00,2024-02-10T22:49:15.672481+00:00
769,sensor.hvac_01_temperatura,22.2,{},2024-02-10T22:59:38.278992+00:00,2024-02-10T22:59:38.278992+00:00
770,sensor.hvac_01_temperatura,22.1,{},2024-02-10T23:16:31.710062+00:00,2024-02-10T23:16:31.710062+00:00
771,sensor.hvac_01_temperatura,22.2,{},2024-02-10T23:22:52.988366+00:00,2024-02-10T23:22:52.988366+00:00
772,sensor.hvac_01_temperatura,22.1,{},2024-02-11T00:34:47.049621+00:00,2024-02-11T00:34:47.049621+00:00
773,sensor.hvac_01_temperatura,22.2,{},2024-02-11T03:21:29.146456+00:00,2024-02-11T03:21:29.146456+00:00
774,sensor.hvac_01_temperatura,22.1,{},2024-02-11T04:03:07.241378+00:00,2024-02-11T04:03:07.241378+00:00
775,sensor.hvac_01_temperatura,22.2,{},2024-02-11T04:16:59.970464+00:00,2024-02-11T04:16:59.970464+00:00
776,sensor.hvac_01_temperatura,22.1,{},2024-02-11T06:58:21.131084+00:00,2024-02-11T06:58:21.131084+00:00
777,sensor.hvac_01_temperatura,22.2,{},2024-02-11T07:05:23.146431+00:00,2024-02-11T07:05:23.146431+00:00
778,sensor.hvac_01_temperatura,22.1,{},2024-02-11T07:14:45.000265+00:00,2024-02-11T07:14:45.000265+00:00
779,sensor.hvac_01_temperatura,22.2,{},2024-02-11T07:19:36.073776+00:00,2024-02-11T07:19:36.073776+00:00
780,sensor.hvac_01_temperatura,22.3,{},2024-02-11T11:23:53.345492+00:00,2024-02-11T11:23:53.345492+00:00
781,sensor.hvac_01_temperatura,22.4,{},2024-02-11T12:57:41.927639+00:00,2024-02-11T12:57:41.927639+00:00
782,sensor.hvac_01_temperatura,22.3,{},2024-02-11T15:53:36.589377+00:00,2024-02-11T15:53:36.589377+00:00
783,sensor.hvac_01_temperatura,22.4,{},2024-02-11T16:31:54.120166+00:00,2024-02-11T16:31:54.120166+00:00
784,sensor.hvac_01_temperatura,22.3,{},2024-02-11T17:31:45.630908+00:00,2024-02-11T17:31:45.630908+00:00
785,sensor.hvac_01_temperatura,22.4,{},2024-02-11T17:40:47.649326+00:00,2024-02-11T17:40:47.649326+00:00
786,sensor.hvac_01_temperatura,22.3,{},2024-02-11T18:31:47.714379+00:00,2024-02-11T18:31:47.714379+00:00
787,sensor.hvac_01_temperatura,22.4,{},2024-02-11T19:32:39.334490+00:00,2024-02-11T19:32:39.334490+00:00
788,sensor.hvac_01_temperatura,22.3,{},2024-02-11T21:22:10.047427+00:00,2024-02-11T21:22:10.047427+00:00
789,sensor.hvac_01_temperatura,22.4,{},2024-02-11T22:43:26.225353+00:00,2024-02-11T22:43:26.225353+00:00
790,sensor.hvac_01_temperatura,22.6,{},2024-02-11T23:03:30.182348+00:00,2024-02-11T23:03:30.182348+00:00
791,sensor.hvac_01_temperatura,22.7,{},2024-02-12T00:10:03.105192+00:00,2024-02-12T00:10:03.105192+00:00
792,sensor.hvac_01_temperatura,22.6,{},2024-02-12T00:15:54.409000+00:00,2024-02-12T00:15:54.409000+00:00
793,sensor.hvac_01_temperatura,22.5,{},2024-02-12T02:29:30.460458+00:00,2024-02-12T02:29:30.460458+00:00
794,sensor.hvac_01_temperatura,22.4,{},2024-02-12T05:02:19.575042+00:00,2024-02-12T05:02:19.575042+00:00
795,sensor.hvac_01_temperatura,22.5,{},2024-02-12T05:04:30.245317+00:00,2024-02-12T05:04:30.245317+00:00
796,sensor.hvac_01_temperatura,22.4,{},2024-02-12T05:57:00.427563+00:00,2024-02-12T05:57:00.427563+00:00
797,sensor.hvac_01_temperatura,22.5,{},2024-02-12T17:35:12.038524+00:00,2024-02-12T17:35:12.038524+00:00
798,sensor.hvac_01_temperatura,22.4,{},2024-02-12T18:05:07.523872+00:00,2024-02-12T18:05:07.523872+00:00
799,sensor.hvac_01_temperatura,22.5,{},2024-02-12T18:36:34.071372+00:00,2024-02-12T18:36:34.071372+00:00
800,sensor.hvac_01_temperatura,22.4,{},2024-02-12T18:56:37.863039+00:00,2024-02-12T18:56:37.863039+00:00
801,sensor.hvac_01_temperatura,22.5,{},2024-02-12T19:07:50.580050+00:00,2024-02-12T19:07:50.580050+00:00
802,sensor.hvac_01_temperatura,22.4,{},2024-02-12T19:24:43.759559+00:00,2024-02-12T19:24:43.759559+00:00
803,sensor.hvac_01_temperatura,22.5,{},2024-02-12T19:46:58.176610+00:00,2024-02-12T19:46:58.176610+00:00
804,sensor.hvac_01_temperatura,22.4,{},2024-02-12T20:43:09.308120+00:00,2024-02-12T20:43:09.308120+00:00
805,sensor.hvac_01_temperatura,22.5,{},2024-02-12T21:32:59.027800+00:00,2024-02-12T21:32:59.027800+00:00
806,sensor.hvac_01_temperatura,22.6,{},2024-02-12T21:41:10.952943+00:00,2024-02-12T21:41:10.952943+00:00
807,sensor.hvac_01_temperatura,22.7,{},2024-02-12T21:56:34.802341+00:00,2024-02-12T21:56:34.802341+00:00
808,sensor.hvac_01_temperatura,22.6,{},2024-02-12T22:15:28.976730+00:00,2024-02-12T22:15:28.976730+00:00
809,sensor.hvac_01_temperatura,22.5,{},2024-02-12T22:39:13.464117+00:00,2024-02-12T22:39:13.464117+00:00
810,sensor.hvac_01_temperatura,22.6,{},2024-02-12T22:40:54.570603+00:00,2024-02-12T22:40:54.570603+00:00
811,sensor.hvac_01_temperatura,22.5,{},2024-02-12T23:10:29.974751+00:00,2024-02-12T23:10:29.974751+00:00
812,sensor.hvac_01_temperatura,22.4,{},2024-02-13T01:59:14.256671+00:00,2024-02-13T01:59:14.256671+00:00
813,sensor.hvac_01_temperatura,22.5,{},2024-02-13T02:14:17.138758+00:00,2024-02-13T02:14:17.138758+00:00
814,sensor.hvac_01_temperatura,22.4,{},2024-02-13T02:36:32.253075+00:00,2024-02-13T02:36:32.253075+00:00
815,sensor.hvac_01_temperatura,22.5,{},2024-02-13T02:48:24.533194+00:00,2024-02-13T02:48:24.533194+00:00
816,sensor.hvac_01_temperatura,22.4,{},2024-02-13T03:05:17.734208+00:00,2024-02-13T03:05:17.734208+00:00
817,sensor.hvac_01_temperatura,22.5,{},2024-02-13T06:24:58.504365+00:00,2024-02-13T06:24:58.504365+00:00
818,sensor.hvac_01_temperatura,22.4,{},2024-02-13T06:45:02.201903+00:00,2024-02-13T06:45:02.201903+00:00
819,sensor.hvac_01_temperatura,22.5,{},2024-02-13T06:59:45.819535+00:00,2024-02-13T06:59:45.819535+00:00
820,sensor.hvac_01_temperatura,22.4,{},2024-02-13T07:27:41.154906+00:00,2024-02-13T07:27:41.154906+00:00
821,sensor.hvac_01_temperatura,22.5,{},2024-02-13T08:40:05.741848+00:00,2024-02-13T08:40:05.741848+00:00
822,sensor.hvac_01_temperatura,22.4,{},2024-02-13T09:50:50.436425+00:00,2024-02-13T09:50:50.436425+00:00
823,sensor.hvac_01_temperatura,22.5,{},2024-02-13T10:06:43.883522+00:00,2024-02-13T10:06:43.883522+00:00
824,sensor.hvac_01_temperatura,22.4,{},2024-02-13T11:05:05.390924+00:00,2024-02-13T11:05:05.390924+00:00
825,sensor.hvac_01_temperatura,22.5,{},2024-02-13T11:41:23.274155+00:00,2024-02-13T11:41:23.274155+00:00
826,sensor.hvac_01_temperatura,22.4,{},2024-02-13T12:15:39.468252+00:00,2024-02-13T12:15:39.468252+00:00
827,sensor.hvac_01_temperatura,22.5,{},2024-02-13T14:11:02.888925+00:00,2024-02-13T14:11:02.888925+00:00
828,sensor.hvac_01_temperatura,22.4,{},2024-02-13T14:36:37.535643+00:00,2024-02-13T14:36:37.535643+00:00
829,sensor.hvac_01_temperatura,22.5,{},2024-02-13T15:56:52.969348+00:00,2024-02-13T15:56:52.969348+00:00
830,sensor.hvac_01_temperatura,22.4,{},2024-02-13T16:07:05.075320+00:00,2024-02-13T16:07:05.075320+00:00
831,sensor.hvac_01_temperatura,22.5,{},2024-02-13T17:58:47.777375+00:00,2024-02-13T17:58:47.777375+00:00
832,sensor.hvac_01_temperatura,22.4,{},2024-02-13T18:27:43.513686+00:00,2024-02-13T18:27:43.513686+00:00
833,sensor.hvac_01_temperatura,22.5,{},2024-02-13T19:01:40.475576+00:00,2024-02-13T19:01:40.475576+00:00
834,sensor.hvac_01_temperatura,22.4,{},2024-02-13T19:27:55.219253+00:00,2024-02-13T19:27:55.219253+00:00
835,sensor.hvac_01_temperatura,22.5,{},2024-02-13T21:41:42.782921+00:00,2024-02-13T21:41:42.782921+00:00
836,sensor.hvac_01_temperatura,22.4,{},2024-02-13T21:51:14.915635+00:00,2024-02-13T21:51:14.915635+00:00
837,sensor.hvac_01_temperatura,22.3,{},2024-02-14T00:07:11.469374+00:00,2024-02-14T00:07:11.469374+00:00
838,sensor.hvac_01_temperatura,22.4,{},2024-02-14T00:32:06.629163+00:00,2024-02-14T00:32:06.629163+00:00
839,sensor.hvac_01_temperatura,22.3,{},2024-02-14T01:03:12.325155+00:00,2024-02-14T01:03:12.325155+00:00
840,sensor.hvac_01_temperatura,22.2,{},2024-02-14T01:15:05.176985+00:00,2024-02-14T01:15:05.176985+00:00
841,sensor.hvac_01_temperatura,22.3,{},2024-02-14T02:02:33.736579+00:00,2024-02-14T02:02:33.736579+00:00
842,sensor.hvac_01_temperatura,22.4,{},2024-02-14T07:01:21.980188+00:00,2024-02-14T07:01:21.980188+00:00
843,sensor.hvac_01_temperatura,22.3,{},2024-02-14T07:03:02.494518+00:00,2024-02-14T07:03:02.494518+00:00
844,sensor.hvac_01_temperatura,22.4,{},2024-02-14T07:24:36.672575+00:00,2024-02-14T07:24:36.672575+00:00
845,sensor.hvac_01_temperatura,22.3,{},2024-02-14T08:32:09.833417+00:00,2024-02-14T08:32:09.833417+00:00
846,sensor.hvac_01_temperatura,22.4,{},2024-02-14T08:33:10.810515+00:00,2024-02-14T08:33:10.810515+00:00
847,sensor.hvac_01_temperatura,22.3,{},2024-02-14T08:42:12.627654+00:00,2024-02-14T08:42:12.627654+00:00
848,sensor.hvac_01_temperatura,22.4,{},2024-02-14T09:25:10.891264+00:00,2024-02-14T09:25:10.891264+00:00
849,sensor.hvac_01_temperatura,22.3,{},2024-02-14T09:54:06.958136+00:00,2024-02-14T09:54:06.958136+00:00
850,sensor.hvac_01_temperatura,22.4,{},2024-02-14T10:17:41.374016+00:00,2024-02-14T10:17:41.374016+00:00
851,sensor.hvac_01_temperatura,22.3,{},2024-02-14T11:12:02.206242+00:00,2024-02-14T11:12:02.206242+00:00
852,sensor.hvac_01_temperatura,22.4,{},2024-02-14T11:25:35.571725+00:00,2024-02-14T11:25:35.571725+00:00
853,sensor.hvac_01_temperatura,22.3,{},2024-02-14T12:02:52.817165+00:00,2024-02-14T12:02:52.817165+00:00
854,sensor.hvac_01_temperatura,22.4,{},2024-02-14T13:47:53.369373+00:00,2024-02-14T13:47:53.369373+00:00
855,sensor.hvac_01_temperatura,22.5,{},2024-02-14T20:25:42.301966+00:00,2024-02-14T20:25:42.301966+00:00
856,sensor.hvac_01_temperatura,22.6,{},2024-02-14T20:39:25.186821+00:00,2024-02-14T20:39:25.186821+00:00
857,sensor.hvac_01_temperatura,22.5,{},2024-02-14T21:09:01.009567+00:00,2024-02-14T21:09:01.009567+00:00
858,sensor.hvac_01_temperatura,22.6,{},2024-02-14T22:06:42.592191+00:00,2024-02-14T22:06:42.592191+00:00
859,sensor.hvac_01_temperatura,22.5,{},2024-02-14T22:17:56.071307+00:00,2024-02-14T22:17:56.071307+00:00
860,sensor.hvac_01_temperatura,22.4,{},2024-02-14T23:03:54.311500+00:00,2024-02-14T23:03:54.311500+00:00
861,sensor.hvac_01_temperatura,22.3,{},2024-02-15T00:33:41.542766+00:00,2024-02-15T00:33:41.542766+00:00
862,sensor.hvac_01_temperatura,22.4,{},2024-02-15T00:36:02.177856+00:00,2024-02-15T00:36:02.177856+00:00
863,sensor.hvac_01_temperatura,22.3,{},2024-02-15T01:13:09.696893+00:00,2024-02-15T01:13:09.696893+00:00
864,sensor.hvac_01_temperatura,22.4,{},2024-02-15T01:49:07.359123+00:00,2024-02-15T01:49:07.359123+00:00
865,sensor.hvac_01_temperatura,22.3,{},2024-02-15T01:55:38.675333+00:00,2024-02-15T01:55:38.675333+00:00
866,sensor.hvac_01_temperatura,22.2,{},2024-02-15T04:24:57.174883+00:00,2024-02-15T04:24:57.174883+00:00
867,sensor.hvac_01_temperatura,22.3,{},2024-02-15T04:41:40.338474+00:00,2024-02-15T04:41:40.338474+00:00
868,sensor.hvac_01_temperatura,22.2,{},2024-02-15T05:57:05.402920+00:00,2024-02-15T05:57:05.402920+00:00
869,sensor.hvac_01_temperatura,22.3,{},2024-02-15T07:12:10.093131+00:00,2024-02-15T07:12:10.093131+00:00
870,sensor.hvac_01_temperatura,22.4,{},2024-02-15T16:41:02.553236+00:00,2024-02-15T16:41:02.553236+00:00
871,sensor.hvac_01_temperatura,22.3,{},2024-02-15T17:11:18.637369+00:00,2024-02-15T17:11:18.637369+00:00
872,sensor.hvac_01_temperatura,22.2,{},2024-02-15T20:25:46.529237+00:00,2024-02-15T20:25:46.529237+00:00
873,sensor.hvac_01_temperatura,22.3,{},2024-02-15T20:37:29.682591+00:00,2024-02-15T20:37:29.682591+00:00
874,sensor.hvac_01_temperatura,22.4,{},2024-02-15T21:53:54.764657+00:00,2024-02-15T21:53:54.764657+00:00
875,sensor.hvac_01_temperatura,22.5,{},2024-02-15T22:10:58.263785+00:00,2024-02-15T22:10:58.263785+00:00
876,sensor.hvac_01_temperatura,22.3,{},2024-02-15T23:09:49.932713+00:00,2024-02-15T23:09:49.932713+00:00
877,sensor.hvac_01_temperatura,22.4,{},2024-02-15T23:19:22.396008+00:00,2024-02-15T23:19:22.396008+00:00
